position_name,position_idx,layer,feature_id,feature_type,activation_value,steering_scale,move,prob_diff,original_prob,modified_prob,fen
pos_21,21,0,3216,transcoder,1.5138540267944336,-2.0,f3e5,-0.42455216171219945,0.4265449047088623,0.001992742996662855,r1bqk1nr/2p2pb1/p2p3p/1p3P1Q/3P2P1/2N1BN2/PPP5/2KR1B2 w - - 0 1
pos_21,21,0,13967,lorsa,4.1287522315979,-2.0,f3e5,-0.4245380077045411,0.4265449047088623,0.0020068970043212175,r1bqk1nr/2p2pb1/p2p3p/1p3P1Q/3P2P1/2N1BN2/PPP5/2KR1B2 w - - 0 1
pos_21,21,1,14853,transcoder,0.7213744521141052,-2.0,f3e5,-0.4244490982964635,0.4265449047088623,0.002095806412398815,r1bqk1nr/2p2pb1/p2p3p/1p3P1Q/3P2P1/2N1BN2/PPP5/2KR1B2 w - - 0 1
pos_47,47,0,12046,lorsa,3.335421323776245,-2.0,f3e5,-0.4242554036900401,0.4265449047088623,0.002289501018822193,r1bqk1nr/2p2pb1/p2p3p/1p3P1Q/3P2P1/2N1BN2/PPP5/2KR1B2 w - - 0 1
pos_47,47,0,11076,transcoder,1.223260521888733,-2.0,f3e5,-0.4242430776357651,0.4265449047088623,0.002301827073097229,r1bqk1nr/2p2pb1/p2p3p/1p3P1Q/3P2P1/2N1BN2/PPP5/2KR1B2 w - - 0 1
pos_27,27,0,12663,transcoder,1.3561315536499023,-2.0,f3e5,-0.4239471156615764,0.4265449047088623,0.0025977890472859144,r1bqk1nr/2p2pb1/p2p3p/1p3P1Q/3P2P1/2N1BN2/PPP5/2KR1B2 w - - 0 1
pos_21,21,2,15753,transcoder,0.7718446254730225,-2.0,f3e5,-0.4238637671805918,0.4265449047088623,0.002681137528270483,r1bqk1nr/2p2pb1/p2p3p/1p3P1Q/3P2P1/2N1BN2/PPP5/2KR1B2 w - - 0 1
pos_27,27,0,7465,lorsa,5.185208320617676,-2.0,f3e5,-0.4238481121137738,0.4265449047088623,0.002696792595088482,r1bqk1nr/2p2pb1/p2p3p/1p3P1Q/3P2P1/2N1BN2/PPP5/2KR1B2 w - - 0 1
pos_21,21,14,7496,transcoder,3.442617177963257,-2.0,f3e5,-0.42329279566183686,0.4265449047088623,0.003252109047025442,r1bqk1nr/2p2pb1/p2p3p/1p3P1Q/3P2P1/2N1BN2/PPP5/2KR1B2 w - - 0 1
pos_21,21,3,11376,transcoder,1.1531273126602173,-2.0,f3e5,-0.4218256357125938,0.4265449047088623,0.004719268996268511,r1bqk1nr/2p2pb1/p2p3p/1p3P1Q/3P2P1/2N1BN2/PPP5/2KR1B2 w - - 0 1
pos_21,21,2,9335,lorsa,3.3572487831115723,-2.0,f3e5,-0.4215439152903855,0.4265449047088623,0.00500098941847682,r1bqk1nr/2p2pb1/p2p3p/1p3P1Q/3P2P1/2N1BN2/PPP5/2KR1B2 w - - 0 1
pos_36,36,14,12029,transcoder,1.2375859022140503,-2.0,f3e5,-0.4203282971866429,0.4265449047088623,0.0062166075222194195,r1bqk1nr/2p2pb1/p2p3p/1p3P1Q/3P2P1/2N1BN2/PPP5/2KR1B2 w - - 0 1
pos_21,21,4,14280,transcoder,0.7836771607398987,-2.0,f3e5,-0.4195089745335281,0.4265449047088623,0.007035930175334215,r1bqk1nr/2p2pb1/p2p3p/1p3P1Q/3P2P1/2N1BN2/PPP5/2KR1B2 w - - 0 1
pos_21,21,6,14977,transcoder,2.1387689113616943,-2.0,f3e5,-0.41717514395713806,0.4265449047088623,0.009369760751724243,r1bqk1nr/2p2pb1/p2p3p/1p3P1Q/3P2P1/2N1BN2/PPP5/2KR1B2 w - - 0 1
pos_36,36,14,138,transcoder,5.686919212341309,-2.0,f3e5,-0.4168639127165079,0.4265449047088623,0.009680991992354393,r1bqk1nr/2p2pb1/p2p3p/1p3P1Q/3P2P1/2N1BN2/PPP5/2KR1B2 w - - 0 1
pos_21,21,5,14977,transcoder,1.2401914596557617,-2.0,f3e5,-0.4046241473406553,0.4265449047088623,0.021920757368206978,r1bqk1nr/2p2pb1/p2p3p/1p3P1Q/3P2P1/2N1BN2/PPP5/2KR1B2 w - - 0 1
pos_3,3,0,13486,transcoder,2.0739755630493164,-2.0,f3e5,-0.39994432777166367,0.4265449047088623,0.02660057693719864,r1bqk1nr/2p2pb1/p2p3p/1p3P1Q/3P2P1/2N1BN2/PPP5/2KR1B2 w - - 0 1
pos_3,3,0,10273,lorsa,4.131845951080322,-2.0,f3e5,-0.3972466979175806,0.4265449047088623,0.0292982067912817,r1bqk1nr/2p2pb1/p2p3p/1p3P1Q/3P2P1/2N1BN2/PPP5/2KR1B2 w - - 0 1
pos_39,39,0,8135,transcoder,1.5426851511001587,-2.0,f3e5,-0.39426468312740326,0.4265449047088623,0.032280221581459045,r1bqk1nr/2p2pb1/p2p3p/1p3P1Q/3P2P1/2N1BN2/PPP5/2KR1B2 w - - 0 1
pos_20,20,0,4675,transcoder,1.4636274576187134,-2.0,f3e5,-0.39265038073062897,0.4265449047088623,0.03389452397823334,r1bqk1nr/2p2pb1/p2p3p/1p3P1Q/3P2P1/2N1BN2/PPP5/2KR1B2 w - - 0 1
pos_20,20,0,10079,lorsa,3.7627112865448,-2.0,f3e5,-0.3914107382297516,0.4265449047088623,0.03513416647911072,r1bqk1nr/2p2pb1/p2p3p/1p3P1Q/3P2P1/2N1BN2/PPP5/2KR1B2 w - - 0 1
pos_20,20,1,11907,transcoder,0.9953451752662659,-2.0,f3e5,-0.38879210874438286,0.4265449047088623,0.037752795964479446,r1bqk1nr/2p2pb1/p2p3p/1p3P1Q/3P2P1/2N1BN2/PPP5/2KR1B2 w - - 0 1
pos_3,3,1,853,transcoder,1.2332260608673096,-2.0,f3e5,-0.38742998614907265,0.4265449047088623,0.03911491855978966,r1bqk1nr/2p2pb1/p2p3p/1p3P1Q/3P2P1/2N1BN2/PPP5/2KR1B2 w - - 0 1
pos_21,21,7,14977,transcoder,1.6010267734527588,-2.0,f3e5,-0.37913277745246887,0.4265449047088623,0.04741212725639343,r1bqk1nr/2p2pb1/p2p3p/1p3P1Q/3P2P1/2N1BN2/PPP5/2KR1B2 w - - 0 1
pos_21,21,9,786,transcoder,0.7339487671852112,-2.0,f3e5,-0.3742903284728527,0.4265449047088623,0.0522545762360096,r1bqk1nr/2p2pb1/p2p3p/1p3P1Q/3P2P1/2N1BN2/PPP5/2KR1B2 w - - 0 1
pos_20,20,2,15512,transcoder,0.8344085216522217,-2.0,f3e5,-0.3725110702216625,0.4265449047088623,0.05403383448719978,r1bqk1nr/2p2pb1/p2p3p/1p3P1Q/3P2P1/2N1BN2/PPP5/2KR1B2 w - - 0 1
pos_20,20,3,1599,transcoder,1.0415526628494263,-2.0,f3e5,-0.3672717735171318,0.4265449047088623,0.0592731311917305,r1bqk1nr/2p2pb1/p2p3p/1p3P1Q/3P2P1/2N1BN2/PPP5/2KR1B2 w - - 0 1
pos_0,0,10,10273,transcoder,28.406965255737305,-2.0,f3e5,-0.36477842181921005,0.4265449047088623,0.06176648288965225,r1bqk1nr/2p2pb1/p2p3p/1p3P1Q/3P2P1/2N1BN2/PPP5/2KR1B2 w - - 0 1
pos_20,20,4,8194,transcoder,1.2885198593139648,-2.0,f3e5,-0.3602234721183777,0.4265449047088623,0.06632143259048462,r1bqk1nr/2p2pb1/p2p3p/1p3P1Q/3P2P1/2N1BN2/PPP5/2KR1B2 w - - 0 1
pos_20,20,3,2651,lorsa,3.3821523189544678,-2.0,f3e5,-0.3589553236961365,0.4265449047088623,0.06758958101272583,r1bqk1nr/2p2pb1/p2p3p/1p3P1Q/3P2P1/2N1BN2/PPP5/2KR1B2 w - - 0 1
pos_20,20,6,2562,transcoder,1.9573559761047363,-2.0,f3e5,-0.35826582461595535,0.4265449047088623,0.06827908009290695,r1bqk1nr/2p2pb1/p2p3p/1p3P1Q/3P2P1/2N1BN2/PPP5/2KR1B2 w - - 0 1
pos_36,36,2,14795,lorsa,4.014857292175293,-2.0,f3e5,-0.3559115082025528,0.4265449047088623,0.07063339650630951,r1bqk1nr/2p2pb1/p2p3p/1p3P1Q/3P2P1/2N1BN2/PPP5/2KR1B2 w - - 0 1
pos_21,21,14,10843,lorsa,3.2089242935180664,-2.0,f3e5,-0.3557438999414444,0.4265449047088623,0.07080100476741791,r1bqk1nr/2p2pb1/p2p3p/1p3P1Q/3P2P1/2N1BN2/PPP5/2KR1B2 w - - 0 1
pos_3,3,4,8453,transcoder,1.2023983001708984,-2.0,f3e5,-0.3541580140590668,0.4265449047088623,0.07238689064979553,r1bqk1nr/2p2pb1/p2p3p/1p3P1Q/3P2P1/2N1BN2/PPP5/2KR1B2 w - - 0 1
pos_59,59,1,11215,lorsa,4.212584495544434,-2.0,f3e5,-0.35225921869277954,0.4265449047088623,0.07428568601608276,r1bqk1nr/2p2pb1/p2p3p/1p3P1Q/3P2P1/2N1BN2/PPP5/2KR1B2 w - - 0 1
pos_20,20,2,10777,lorsa,3.3418948650360107,-2.0,f3e5,-0.3497876077890396,0.4265449047088623,0.07675729691982269,r1bqk1nr/2p2pb1/p2p3p/1p3P1Q/3P2P1/2N1BN2/PPP5/2KR1B2 w - - 0 1
pos_0,0,8,11854,transcoder,18.983810424804688,-2.0,f3e5,-0.3491688370704651,0.4265449047088623,0.07737606763839722,r1bqk1nr/2p2pb1/p2p3p/1p3P1Q/3P2P1/2N1BN2/PPP5/2KR1B2 w - - 0 1
pos_21,21,10,5512,transcoder,0.5156635642051697,-2.0,f3e5,-0.3458992466330528,0.4265449047088623,0.08064565807580948,r1bqk1nr/2p2pb1/p2p3p/1p3P1Q/3P2P1/2N1BN2/PPP5/2KR1B2 w - - 0 1
pos_36,36,1,11614,lorsa,4.405508518218994,-2.0,f3e5,-0.34395671635866165,0.4265449047088623,0.08258818835020065,r1bqk1nr/2p2pb1/p2p3p/1p3P1Q/3P2P1/2N1BN2/PPP5/2KR1B2 w - - 0 1
pos_59,59,2,8892,lorsa,2.757359743118286,-2.0,f3e5,-0.3203664794564247,0.4265449047088623,0.10617842525243759,r1bqk1nr/2p2pb1/p2p3p/1p3P1Q/3P2P1/2N1BN2/PPP5/2KR1B2 w - - 0 1
pos_21,21,12,9376,transcoder,0.6619082689285278,-2.0,f3e5,-0.31632838398218155,0.4265449047088623,0.11021652072668076,r1bqk1nr/2p2pb1/p2p3p/1p3P1Q/3P2P1/2N1BN2/PPP5/2KR1B2 w - - 0 1
pos_39,39,1,13537,transcoder,1.2144615650177002,-2.0,f3e5,-0.3139357343316078,0.4265449047088623,0.11260917037725449,r1bqk1nr/2p2pb1/p2p3p/1p3P1Q/3P2P1/2N1BN2/PPP5/2KR1B2 w - - 0 1
pos_63,63,0,488,transcoder,1.4112060070037842,-2.0,f3e5,-0.31387683749198914,0.4265449047088623,0.11266806721687317,r1bqk1nr/2p2pb1/p2p3p/1p3P1Q/3P2P1/2N1BN2/PPP5/2KR1B2 w - - 0 1
pos_36,36,1,15480,lorsa,2.7868831157684326,-2.0,f3e5,-0.30764762312173843,0.4265449047088623,0.11889728158712387,r1bqk1nr/2p2pb1/p2p3p/1p3P1Q/3P2P1/2N1BN2/PPP5/2KR1B2 w - - 0 1
pos_20,20,7,10549,transcoder,2.3378570079803467,-2.0,f3e5,-0.30743417143821716,0.4265449047088623,0.11911073327064514,r1bqk1nr/2p2pb1/p2p3p/1p3P1Q/3P2P1/2N1BN2/PPP5/2KR1B2 w - - 0 1
pos_63,63,0,6922,lorsa,3.028136730194092,-2.0,f3e5,-0.3063248544931412,0.4265449047088623,0.12022005021572113,r1bqk1nr/2p2pb1/p2p3p/1p3P1Q/3P2P1/2N1BN2/PPP5/2KR1B2 w - - 0 1
pos_56,56,0,488,transcoder,1.5981926918029785,-2.0,f3e5,-0.3029504418373108,0.4265449047088623,0.12359446287155151,r1bqk1nr/2p2pb1/p2p3p/1p3P1Q/3P2P1/2N1BN2/PPP5/2KR1B2 w - - 0 1
pos_56,56,0,6922,lorsa,3.226534128189087,-2.0,f3e5,-0.3028234764933586,0.4265449047088623,0.12372142821550369,r1bqk1nr/2p2pb1/p2p3p/1p3P1Q/3P2P1/2N1BN2/PPP5/2KR1B2 w - - 0 1
pos_3,3,6,16038,transcoder,1.9081240892410278,-2.0,f3e5,-0.2993446886539459,0.4265449047088623,0.12720021605491638,r1bqk1nr/2p2pb1/p2p3p/1p3P1Q/3P2P1/2N1BN2/PPP5/2KR1B2 w - - 0 1
pos_21,21,13,15426,transcoder,1.4143426418304443,-2.0,f3e5,-0.29910919070243835,0.4265449047088623,0.12743571400642395,r1bqk1nr/2p2pb1/p2p3p/1p3P1Q/3P2P1/2N1BN2/PPP5/2KR1B2 w - - 0 1
pos_47,47,6,4801,transcoder,1.6615501642227173,-2.0,f3e5,-0.29590022563934326,0.4265449047088623,0.13064467906951904,r1bqk1nr/2p2pb1/p2p3p/1p3P1Q/3P2P1/2N1BN2/PPP5/2KR1B2 w - - 0 1
pos_27,27,2,11240,lorsa,2.4353044033050537,-2.0,f3e5,-0.2908419817686081,0.4265449047088623,0.1357029229402542,r1bqk1nr/2p2pb1/p2p3p/1p3P1Q/3P2P1/2N1BN2/PPP5/2KR1B2 w - - 0 1
pos_39,39,2,13354,transcoder,1.0723226070404053,-2.0,f3e5,-0.2860986143350601,0.4265449047088623,0.14044629037380219,r1bqk1nr/2p2pb1/p2p3p/1p3P1Q/3P2P1/2N1BN2/PPP5/2KR1B2 w - - 0 1
pos_62,62,0,5593,transcoder,1.4238938093185425,-2.0,f3e5,-0.26873986423015594,0.4265449047088623,0.15780504047870636,r1bqk1nr/2p2pb1/p2p3p/1p3P1Q/3P2P1/2N1BN2/PPP5/2KR1B2 w - - 0 1
pos_36,36,14,14940,transcoder,1.4348654747009277,-2.0,f3e5,-0.2639750689268112,0.4265449047088623,0.1625698357820511,r1bqk1nr/2p2pb1/p2p3p/1p3P1Q/3P2P1/2N1BN2/PPP5/2KR1B2 w - - 0 1
pos_36,36,7,12765,lorsa,3.38031005859375,-2.0,f3e5,-0.261052668094635,0.4265449047088623,0.1654922366142273,r1bqk1nr/2p2pb1/p2p3p/1p3P1Q/3P2P1/2N1BN2/PPP5/2KR1B2 w - - 0 1
pos_62,62,0,11059,lorsa,3.282607078552246,-2.0,f3e5,-0.25899943709373474,0.4265449047088623,0.16754546761512756,r1bqk1nr/2p2pb1/p2p3p/1p3P1Q/3P2P1/2N1BN2/PPP5/2KR1B2 w - - 0 1
pos_39,39,4,3675,transcoder,0.7347319722175598,-2.0,f3e5,-0.25737035274505615,0.4265449047088623,0.16917455196380615,r1bqk1nr/2p2pb1/p2p3p/1p3P1Q/3P2P1/2N1BN2/PPP5/2KR1B2 w - - 0 1
pos_39,39,6,4099,transcoder,2.1563220024108887,-2.0,f3e5,-0.25717301666736603,0.4265449047088623,0.16937188804149628,r1bqk1nr/2p2pb1/p2p3p/1p3P1Q/3P2P1/2N1BN2/PPP5/2KR1B2 w - - 0 1
pos_56,56,1,12883,transcoder,0.7333300709724426,-2.0,f3e5,-0.2568780779838562,0.4265449047088623,0.1696668267250061,r1bqk1nr/2p2pb1/p2p3p/1p3P1Q/3P2P1/2N1BN2/PPP5/2KR1B2 w - - 0 1
pos_39,39,3,15009,transcoder,0.8709929585456848,-2.0,f3e5,-0.2518807500600815,0.4265449047088623,0.17466415464878082,r1bqk1nr/2p2pb1/p2p3p/1p3P1Q/3P2P1/2N1BN2/PPP5/2KR1B2 w - - 0 1
pos_36,36,13,12356,transcoder,3.575575590133667,-2.0,f3e5,-0.2507069259881973,0.4265449047088623,0.17583797872066498,r1bqk1nr/2p2pb1/p2p3p/1p3P1Q/3P2P1/2N1BN2/PPP5/2KR1B2 w - - 0 1
pos_62,62,0,2952,lorsa,2.6989758014678955,-2.0,f3e5,-0.24658408761024475,0.4265449047088623,0.17996081709861755,r1bqk1nr/2p2pb1/p2p3p/1p3P1Q/3P2P1/2N1BN2/PPP5/2KR1B2 w - - 0 1
pos_63,63,1,12883,transcoder,0.8133741617202759,-2.0,f3e5,-0.24622753262519836,0.4265449047088623,0.18031737208366394,r1bqk1nr/2p2pb1/p2p3p/1p3P1Q/3P2P1/2N1BN2/PPP5/2KR1B2 w - - 0 1
pos_0,0,7,6104,transcoder,8.469114303588867,-2.0,f3e5,-0.24475997686386108,0.4265449047088623,0.18178492784500122,r1bqk1nr/2p2pb1/p2p3p/1p3P1Q/3P2P1/2N1BN2/PPP5/2KR1B2 w - - 0 1
pos_36,36,14,3897,lorsa,3.076256036758423,-2.0,f3e5,-0.2444019764661789,0.4265449047088623,0.1821429282426834,r1bqk1nr/2p2pb1/p2p3p/1p3P1Q/3P2P1/2N1BN2/PPP5/2KR1B2 w - - 0 1
pos_59,59,5,8348,transcoder,1.8148555755615234,-2.0,f3e5,-0.24133771657943726,0.4265449047088623,0.18520718812942505,r1bqk1nr/2p2pb1/p2p3p/1p3P1Q/3P2P1/2N1BN2/PPP5/2KR1B2 w - - 0 1
pos_60,60,0,4905,transcoder,1.475679874420166,-2.0,f3e5,-0.23223145306110382,0.4265449047088623,0.19431345164775848,r1bqk1nr/2p2pb1/p2p3p/1p3P1Q/3P2P1/2N1BN2/PPP5/2KR1B2 w - - 0 1
pos_56,56,3,15348,transcoder,1.9667108058929443,-2.0,f3e5,-0.22688370943069458,0.4265449047088623,0.19966119527816772,r1bqk1nr/2p2pb1/p2p3p/1p3P1Q/3P2P1/2N1BN2/PPP5/2KR1B2 w - - 0 1
pos_36,36,3,13736,lorsa,3.7523114681243896,-2.0,f3e5,-0.22393003106117249,0.4265449047088623,0.20261487364768982,r1bqk1nr/2p2pb1/p2p3p/1p3P1Q/3P2P1/2N1BN2/PPP5/2KR1B2 w - - 0 1
pos_58,58,0,13386,transcoder,1.4000824689865112,-2.0,f3e5,-0.22057904303073883,0.4265449047088623,0.20596586167812347,r1bqk1nr/2p2pb1/p2p3p/1p3P1Q/3P2P1/2N1BN2/PPP5/2KR1B2 w - - 0 1
pos_39,39,2,12879,lorsa,3.12951397895813,-2.0,f3e5,-0.21907246112823486,0.4265449047088623,0.20747244358062744,r1bqk1nr/2p2pb1/p2p3p/1p3P1Q/3P2P1/2N1BN2/PPP5/2KR1B2 w - - 0 1
pos_36,36,14,1214,transcoder,1.765131950378418,-2.0,f3e5,-0.21534869074821472,0.4265449047088623,0.21119621396064758,r1bqk1nr/2p2pb1/p2p3p/1p3P1Q/3P2P1/2N1BN2/PPP5/2KR1B2 w - - 0 1
pos_50,50,0,11076,transcoder,1.357581615447998,-2.0,f3e5,-0.21487076580524445,0.4265449047088623,0.21167413890361786,r1bqk1nr/2p2pb1/p2p3p/1p3P1Q/3P2P1/2N1BN2/PPP5/2KR1B2 w - - 0 1
pos_53,53,7,6874,lorsa,4.199068546295166,-2.0,f3e5,-0.21486586332321167,0.4265449047088623,0.21167904138565063,r1bqk1nr/2p2pb1/p2p3p/1p3P1Q/3P2P1/2N1BN2/PPP5/2KR1B2 w - - 0 1
pos_36,36,10,9278,transcoder,6.645874977111816,-2.0,f3e5,-0.21003757417201996,0.4265449047088623,0.21650733053684235,r1bqk1nr/2p2pb1/p2p3p/1p3P1Q/3P2P1/2N1BN2/PPP5/2KR1B2 w - - 0 1
pos_54,54,0,13386,transcoder,1.4800972938537598,-2.0,f3e5,-0.20926380157470703,0.4265449047088623,0.21728110313415527,r1bqk1nr/2p2pb1/p2p3p/1p3P1Q/3P2P1/2N1BN2/PPP5/2KR1B2 w - - 0 1
pos_58,58,3,9594,transcoder,1.3094115257263184,-2.0,f3e5,-0.20827218890190125,0.4265449047088623,0.21827271580696106,r1bqk1nr/2p2pb1/p2p3p/1p3P1Q/3P2P1/2N1BN2/PPP5/2KR1B2 w - - 0 1
pos_58,58,0,11059,lorsa,4.285820960998535,-2.0,f3e5,-0.20759525895118713,0.4265449047088623,0.21894964575767517,r1bqk1nr/2p2pb1/p2p3p/1p3P1Q/3P2P1/2N1BN2/PPP5/2KR1B2 w - - 0 1
pos_58,58,2,3004,transcoder,0.9341632127761841,-2.0,f3e5,-0.2036380171775818,0.4265449047088623,0.22290688753128052,r1bqk1nr/2p2pb1/p2p3p/1p3P1Q/3P2P1/2N1BN2/PPP5/2KR1B2 w - - 0 1
pos_58,58,1,8956,transcoder,1.176414966583252,-2.0,f3e5,-0.20340628921985626,0.4265449047088623,0.22313861548900604,r1bqk1nr/2p2pb1/p2p3p/1p3P1Q/3P2P1/2N1BN2/PPP5/2KR1B2 w - - 0 1
pos_3,3,7,11946,transcoder,3.222217082977295,-2.0,f3e5,-0.2024965137243271,0.4265449047088623,0.22404839098453522,r1bqk1nr/2p2pb1/p2p3p/1p3P1Q/3P2P1/2N1BN2/PPP5/2KR1B2 w - - 0 1
pos_54,54,0,11059,lorsa,5.209131717681885,-2.0,f3e5,-0.20130935311317444,0.4265449047088623,0.22523555159568787,r1bqk1nr/2p2pb1/p2p3p/1p3P1Q/3P2P1/2N1BN2/PPP5/2KR1B2 w - - 0 1
pos_58,58,3,10967,lorsa,2.4667601585388184,-2.0,f3e5,-0.19848965108394623,0.4265449047088623,0.22805525362491608,r1bqk1nr/2p2pb1/p2p3p/1p3P1Q/3P2P1/2N1BN2/PPP5/2KR1B2 w - - 0 1
pos_62,62,2,12759,transcoder,0.800830066204071,-2.0,f3e5,-0.19835689663887024,0.4265449047088623,0.22818800806999207,r1bqk1nr/2p2pb1/p2p3p/1p3P1Q/3P2P1/2N1BN2/PPP5/2KR1B2 w - - 0 1
pos_59,59,4,15898,transcoder,0.9132384657859802,-2.0,f3e5,-0.1964915245771408,0.4265449047088623,0.2300533801317215,r1bqk1nr/2p2pb1/p2p3p/1p3P1Q/3P2P1/2N1BN2/PPP5/2KR1B2 w - - 0 1
pos_62,62,1,7268,transcoder,0.7161532640457153,-2.0,f3e5,-0.19477801024913788,0.4265449047088623,0.23176689445972443,r1bqk1nr/2p2pb1/p2p3p/1p3P1Q/3P2P1/2N1BN2/PPP5/2KR1B2 w - - 0 1
pos_60,60,0,7285,lorsa,3.317694902420044,-2.0,f3e5,-0.19385021924972534,0.4265449047088623,0.23269468545913696,r1bqk1nr/2p2pb1/p2p3p/1p3P1Q/3P2P1/2N1BN2/PPP5/2KR1B2 w - - 0 1
pos_58,58,4,15812,transcoder,0.725627601146698,-2.0,f3e5,-0.19210898876190186,0.4265449047088623,0.23443591594696045,r1bqk1nr/2p2pb1/p2p3p/1p3P1Q/3P2P1/2N1BN2/PPP5/2KR1B2 w - - 0 1
pos_50,50,0,12046,lorsa,3.0873963832855225,-2.0,f3e5,-0.1895570456981659,0.4265449047088623,0.2369878590106964,r1bqk1nr/2p2pb1/p2p3p/1p3P1Q/3P2P1/2N1BN2/PPP5/2KR1B2 w - - 0 1
pos_36,36,2,3155,lorsa,4.220008850097656,-2.0,f3e5,-0.1882622092962265,0.4265449047088623,0.2382826954126358,r1bqk1nr/2p2pb1/p2p3p/1p3P1Q/3P2P1/2N1BN2/PPP5/2KR1B2 w - - 0 1
pos_59,59,2,5718,transcoder,0.9815890789031982,-2.0,f3e5,-0.18649891018867493,0.4265449047088623,0.24004599452018738,r1bqk1nr/2p2pb1/p2p3p/1p3P1Q/3P2P1/2N1BN2/PPP5/2KR1B2 w - - 0 1
pos_36,36,3,5779,lorsa,2.9550795555114746,-2.0,f3e5,-0.1845100224018097,0.4265449047088623,0.2420348823070526,r1bqk1nr/2p2pb1/p2p3p/1p3P1Q/3P2P1/2N1BN2/PPP5/2KR1B2 w - - 0 1
pos_58,58,6,4091,transcoder,1.5473531484603882,-2.0,f3e5,-0.18326696753501892,0.4265449047088623,0.24327793717384338,r1bqk1nr/2p2pb1/p2p3p/1p3P1Q/3P2P1/2N1BN2/PPP5/2KR1B2 w - - 0 1
pos_36,36,13,3932,transcoder,0.7543947100639343,-2.0,f3e5,-0.18174736201763153,0.4265449047088623,0.24479754269123077,r1bqk1nr/2p2pb1/p2p3p/1p3P1Q/3P2P1/2N1BN2/PPP5/2KR1B2 w - - 0 1
pos_62,62,2,14622,lorsa,3.9266576766967773,-2.0,f3e5,-0.18015523254871368,0.4265449047088623,0.24638967216014862,r1bqk1nr/2p2pb1/p2p3p/1p3P1Q/3P2P1/2N1BN2/PPP5/2KR1B2 w - - 0 1
pos_59,59,7,9138,transcoder,1.2726882696151733,-2.0,f3e5,-0.17469361424446106,0.4265449047088623,0.25185129046440125,r1bqk1nr/2p2pb1/p2p3p/1p3P1Q/3P2P1/2N1BN2/PPP5/2KR1B2 w - - 0 1
pos_59,59,3,5284,transcoder,1.4577593803405762,-2.0,f3e5,-0.17342320084571838,0.4265449047088623,0.2531217038631439,r1bqk1nr/2p2pb1/p2p3p/1p3P1Q/3P2P1/2N1BN2/PPP5/2KR1B2 w - - 0 1
pos_53,53,8,2184,lorsa,3.2365097999572754,-2.0,f3e5,-0.17194506525993347,0.4265449047088623,0.25459983944892883,r1bqk1nr/2p2pb1/p2p3p/1p3P1Q/3P2P1/2N1BN2/PPP5/2KR1B2 w - - 0 1
pos_59,59,6,2057,transcoder,2.9450290203094482,-2.0,f3e5,-0.1709233522415161,0.4265449047088623,0.2556215524673462,r1bqk1nr/2p2pb1/p2p3p/1p3P1Q/3P2P1/2N1BN2/PPP5/2KR1B2 w - - 0 1
pos_56,56,6,3210,transcoder,2.4339599609375,-2.0,f3e5,-0.16140365600585938,0.4265449047088623,0.26514124870300293,r1bqk1nr/2p2pb1/p2p3p/1p3P1Q/3P2P1/2N1BN2/PPP5/2KR1B2 w - - 0 1
pos_36,36,0,14802,lorsa,2.989718198776245,-2.0,f3e5,-0.16106334328651428,0.4265449047088623,0.265481561422348,r1bqk1nr/2p2pb1/p2p3p/1p3P1Q/3P2P1/2N1BN2/PPP5/2KR1B2 w - - 0 1
pos_54,54,1,8956,transcoder,1.1849182844161987,-2.0,f3e5,-0.16067823767662048,0.4265449047088623,0.2658666670322418,r1bqk1nr/2p2pb1/p2p3p/1p3P1Q/3P2P1/2N1BN2/PPP5/2KR1B2 w - - 0 1
pos_60,60,1,15260,transcoder,1.4774868488311768,-2.0,f3e5,-0.15868306159973145,0.4265449047088623,0.26786184310913086,r1bqk1nr/2p2pb1/p2p3p/1p3P1Q/3P2P1/2N1BN2/PPP5/2KR1B2 w - - 0 1
pos_36,36,0,8102,lorsa,3.352260112762451,-2.0,f3e5,-0.1586284041404724,0.4265449047088623,0.2679165005683899,r1bqk1nr/2p2pb1/p2p3p/1p3P1Q/3P2P1/2N1BN2/PPP5/2KR1B2 w - - 0 1
pos_56,56,5,13852,transcoder,2.265216827392578,-2.0,f3e5,-0.15682438015937805,0.4265449047088623,0.26972052454948425,r1bqk1nr/2p2pb1/p2p3p/1p3P1Q/3P2P1/2N1BN2/PPP5/2KR1B2 w - - 0 1
pos_62,62,3,6487,transcoder,1.4240492582321167,-2.0,f3e5,-0.15673533082008362,0.4265449047088623,0.2698095738887787,r1bqk1nr/2p2pb1/p2p3p/1p3P1Q/3P2P1/2N1BN2/PPP5/2KR1B2 w - - 0 1
pos_56,56,2,14723,transcoder,1.0594019889831543,-2.0,f3e5,-0.1559479534626007,0.4265449047088623,0.2705969512462616,r1bqk1nr/2p2pb1/p2p3p/1p3P1Q/3P2P1/2N1BN2/PPP5/2KR1B2 w - - 0 1
pos_39,39,5,4945,transcoder,0.8593589067459106,-2.0,f3e5,-0.15404102206230164,0.4265449047088623,0.27250388264656067,r1bqk1nr/2p2pb1/p2p3p/1p3P1Q/3P2P1/2N1BN2/PPP5/2KR1B2 w - - 0 1
pos_36,36,2,13998,transcoder,0.6966379284858704,-2.0,f3e5,-0.1519671082496643,0.4265449047088623,0.274577796459198,r1bqk1nr/2p2pb1/p2p3p/1p3P1Q/3P2P1/2N1BN2/PPP5/2KR1B2 w - - 0 1
pos_62,62,4,3019,transcoder,0.8848817944526672,-2.0,f3e5,-0.15018770098686218,0.4265449047088623,0.2763572037220001,r1bqk1nr/2p2pb1/p2p3p/1p3P1Q/3P2P1/2N1BN2/PPP5/2KR1B2 w - - 0 1
pos_62,62,3,3742,lorsa,2.45440673828125,-2.0,f3e5,-0.1459670066833496,0.4265449047088623,0.2805778980255127,r1bqk1nr/2p2pb1/p2p3p/1p3P1Q/3P2P1/2N1BN2/PPP5/2KR1B2 w - - 0 1
pos_59,59,3,2992,lorsa,2.4769415855407715,-2.0,f3e5,-0.1443404257297516,0.4265449047088623,0.2822044789791107,r1bqk1nr/2p2pb1/p2p3p/1p3P1Q/3P2P1/2N1BN2/PPP5/2KR1B2 w - - 0 1
pos_33,33,0,12046,lorsa,3.155547618865967,-2.0,f3e5,-0.14097794890403748,0.4265449047088623,0.28556695580482483,r1bqk1nr/2p2pb1/p2p3p/1p3P1Q/3P2P1/2N1BN2/PPP5/2KR1B2 w - - 0 1
pos_38,38,8,9586,lorsa,4.022851943969727,-2.0,f3e5,-0.13959643244743347,0.4265449047088623,0.28694847226142883,r1bqk1nr/2p2pb1/p2p3p/1p3P1Q/3P2P1/2N1BN2/PPP5/2KR1B2 w - - 0 1
pos_21,21,14,138,transcoder,4.292585849761963,-2.0,f3e5,-0.139481782913208,0.4265449047088623,0.2870631217956543,r1bqk1nr/2p2pb1/p2p3p/1p3P1Q/3P2P1/2N1BN2/PPP5/2KR1B2 w - - 0 1
pos_36,36,8,1417,lorsa,4.8791351318359375,-2.0,f3e5,-0.13933658599853516,0.4265449047088623,0.28720831871032715,r1bqk1nr/2p2pb1/p2p3p/1p3P1Q/3P2P1/2N1BN2/PPP5/2KR1B2 w - - 0 1
pos_3,3,3,5514,transcoder,0.8981991410255432,-2.0,f3e5,-0.1378944218158722,0.4265449047088623,0.2886504828929901,r1bqk1nr/2p2pb1/p2p3p/1p3P1Q/3P2P1/2N1BN2/PPP5/2KR1B2 w - - 0 1
pos_27,27,7,14452,transcoder,3.3764636516571045,-2.0,f3e5,-0.13761743903160095,0.4265449047088623,0.28892746567726135,r1bqk1nr/2p2pb1/p2p3p/1p3P1Q/3P2P1/2N1BN2/PPP5/2KR1B2 w - - 0 1
pos_36,36,3,13706,transcoder,0.7337140440940857,-2.0,f3e5,-0.13683533668518066,0.4265449047088623,0.28970956802368164,r1bqk1nr/2p2pb1/p2p3p/1p3P1Q/3P2P1/2N1BN2/PPP5/2KR1B2 w - - 0 1
pos_33,33,0,11076,transcoder,1.3967576026916504,-2.0,f3e5,-0.13634520769119263,0.4265449047088623,0.2901996970176697,r1bqk1nr/2p2pb1/p2p3p/1p3P1Q/3P2P1/2N1BN2/PPP5/2KR1B2 w - - 0 1
pos_18,18,0,3216,transcoder,1.4331992864608765,-2.0,f3e5,-0.1363019049167633,0.4265449047088623,0.290242999792099,r1bqk1nr/2p2pb1/p2p3p/1p3P1Q/3P2P1/2N1BN2/PPP5/2KR1B2 w - - 0 1
pos_38,38,7,14502,lorsa,3.504657745361328,-2.0,f3e5,-0.13614952564239502,0.4265449047088623,0.2903953790664673,r1bqk1nr/2p2pb1/p2p3p/1p3P1Q/3P2P1/2N1BN2/PPP5/2KR1B2 w - - 0 1
pos_36,36,3,4451,transcoder,0.9956201910972595,-2.0,f3e5,-0.1351986527442932,0.4265449047088623,0.2913462519645691,r1bqk1nr/2p2pb1/p2p3p/1p3P1Q/3P2P1/2N1BN2/PPP5/2KR1B2 w - - 0 1
pos_45,45,1,1574,lorsa,3.4861481189727783,-2.0,f3e5,-0.1331121325492859,0.4265449047088623,0.2934327721595764,r1bqk1nr/2p2pb1/p2p3p/1p3P1Q/3P2P1/2N1BN2/PPP5/2KR1B2 w - - 0 1
pos_36,36,9,6254,transcoder,4.378200531005859,-2.0,f3e5,-0.13065114617347717,0.4265449047088623,0.29589375853538513,r1bqk1nr/2p2pb1/p2p3p/1p3P1Q/3P2P1/2N1BN2/PPP5/2KR1B2 w - - 0 1
pos_36,36,1,11610,lorsa,2.015192985534668,-2.0,f3e5,-0.12989377975463867,0.4265449047088623,0.29665112495422363,r1bqk1nr/2p2pb1/p2p3p/1p3P1Q/3P2P1/2N1BN2/PPP5/2KR1B2 w - - 0 1
pos_32,32,8,11854,transcoder,11.953476905822754,-2.0,f3e5,-0.129487544298172,0.4265449047088623,0.2970573604106903,r1bqk1nr/2p2pb1/p2p3p/1p3P1Q/3P2P1/2N1BN2/PPP5/2KR1B2 w - - 0 1
pos_27,27,1,10637,transcoder,0.4732305109500885,-2.0,f3e5,-0.12881463766098022,0.4265449047088623,0.2977302670478821,r1bqk1nr/2p2pb1/p2p3p/1p3P1Q/3P2P1/2N1BN2/PPP5/2KR1B2 w - - 0 1
pos_36,36,13,7930,transcoder,0.6133290529251099,-2.0,f3e5,-0.12848514318466187,0.4265449047088623,0.29805976152420044,r1bqk1nr/2p2pb1/p2p3p/1p3P1Q/3P2P1/2N1BN2/PPP5/2KR1B2 w - - 0 1
pos_18,18,0,13967,lorsa,4.075037956237793,-2.0,f3e5,-0.1284078061580658,0.4265449047088623,0.2981370985507965,r1bqk1nr/2p2pb1/p2p3p/1p3P1Q/3P2P1/2N1BN2/PPP5/2KR1B2 w - - 0 1
pos_43,43,3,5448,transcoder,1.2499865293502808,-2.0,f3e5,-0.1273314654827118,0.4265449047088623,0.2992134392261505,r1bqk1nr/2p2pb1/p2p3p/1p3P1Q/3P2P1/2N1BN2/PPP5/2KR1B2 w - - 0 1
pos_36,36,2,3083,lorsa,2.1323702335357666,-2.0,f3e5,-0.1257370412349701,0.4265449047088623,0.3008078634738922,r1bqk1nr/2p2pb1/p2p3p/1p3P1Q/3P2P1/2N1BN2/PPP5/2KR1B2 w - - 0 1
pos_36,36,11,11974,transcoder,4.111536026000977,-2.0,f3e5,-0.12474149465560913,0.4265449047088623,0.3018034100532532,r1bqk1nr/2p2pb1/p2p3p/1p3P1Q/3P2P1/2N1BN2/PPP5/2KR1B2 w - - 0 1
pos_36,36,14,10638,transcoder,1.1475523710250854,-2.0,f3e5,-0.12182152271270752,0.4265449047088623,0.3047233819961548,r1bqk1nr/2p2pb1/p2p3p/1p3P1Q/3P2P1/2N1BN2/PPP5/2KR1B2 w - - 0 1
pos_62,62,6,1735,transcoder,1.6790945529937744,-2.0,f3e5,-0.12080168724060059,0.4265449047088623,0.3057432174682617,r1bqk1nr/2p2pb1/p2p3p/1p3P1Q/3P2P1/2N1BN2/PPP5/2KR1B2 w - - 0 1
pos_58,58,7,7919,transcoder,1.4488893747329712,-2.0,f3e5,-0.12002044916152954,0.4265449047088623,0.30652445554733276,r1bqk1nr/2p2pb1/p2p3p/1p3P1Q/3P2P1/2N1BN2/PPP5/2KR1B2 w - - 0 1
pos_27,27,0,7213,lorsa,4.8509626388549805,-2.0,f3e5,-0.11785608530044556,0.4265449047088623,0.30868881940841675,r1bqk1nr/2p2pb1/p2p3p/1p3P1Q/3P2P1/2N1BN2/PPP5/2KR1B2 w - - 0 1
pos_27,27,6,1692,transcoder,1.108183741569519,-2.0,f3e5,-0.11694797873497009,0.4265449047088623,0.3095969259738922,r1bqk1nr/2p2pb1/p2p3p/1p3P1Q/3P2P1/2N1BN2/PPP5/2KR1B2 w - - 0 1
pos_36,36,4,11907,transcoder,1.1186275482177734,-2.0,f3e5,-0.11629548668861389,0.4265449047088623,0.3102494180202484,r1bqk1nr/2p2pb1/p2p3p/1p3P1Q/3P2P1/2N1BN2/PPP5/2KR1B2 w - - 0 1
pos_18,18,1,14853,transcoder,0.5421252250671387,-2.0,f3e5,-0.1151537299156189,0.4265449047088623,0.3113911747932434,r1bqk1nr/2p2pb1/p2p3p/1p3P1Q/3P2P1/2N1BN2/PPP5/2KR1B2 w - - 0 1
pos_36,36,6,12696,transcoder,1.0120266675949097,-2.0,f3e5,-0.11497274041175842,0.4265449047088623,0.3115721642971039,r1bqk1nr/2p2pb1/p2p3p/1p3P1Q/3P2P1/2N1BN2/PPP5/2KR1B2 w - - 0 1
pos_36,36,12,15847,transcoder,3.4133987426757812,-2.0,f3e5,-0.11401727795600891,0.4265449047088623,0.3125276267528534,r1bqk1nr/2p2pb1/p2p3p/1p3P1Q/3P2P1/2N1BN2/PPP5/2KR1B2 w - - 0 1
pos_0,0,10,54,transcoder,21.911865234375,-2.0,f3e5,-0.10941100120544434,0.4265449047088623,0.31713390350341797,r1bqk1nr/2p2pb1/p2p3p/1p3P1Q/3P2P1/2N1BN2/PPP5/2KR1B2 w - - 0 1
pos_27,27,3,8452,transcoder,0.9483512043952942,-2.0,f3e5,-0.10826936364173889,0.4265449047088623,0.3182755410671234,r1bqk1nr/2p2pb1/p2p3p/1p3P1Q/3P2P1/2N1BN2/PPP5/2KR1B2 w - - 0 1
pos_60,60,3,10866,transcoder,2.0926074981689453,-2.0,f3e5,-0.10415306687355042,0.4265449047088623,0.3223918378353119,r1bqk1nr/2p2pb1/p2p3p/1p3P1Q/3P2P1/2N1BN2/PPP5/2KR1B2 w - - 0 1
pos_63,63,3,15348,transcoder,1.223423719406128,-2.0,f3e5,-0.10214155912399292,0.4265449047088623,0.3244033455848694,r1bqk1nr/2p2pb1/p2p3p/1p3P1Q/3P2P1/2N1BN2/PPP5/2KR1B2 w - - 0 1
pos_18,18,2,15753,transcoder,0.674092710018158,-2.0,f3e5,-0.10061925649642944,0.4265449047088623,0.32592564821243286,r1bqk1nr/2p2pb1/p2p3p/1p3P1Q/3P2P1/2N1BN2/PPP5/2KR1B2 w - - 0 1
pos_18,18,2,9335,lorsa,3.4980318546295166,-2.0,f3e5,-0.1004987359046936,0.4265449047088623,0.3260461688041687,r1bqk1nr/2p2pb1/p2p3p/1p3P1Q/3P2P1/2N1BN2/PPP5/2KR1B2 w - - 0 1
pos_37,37,2,11240,lorsa,2.6383132934570312,-2.0,f3e5,-0.10023108124732971,0.4265449047088623,0.3263138234615326,r1bqk1nr/2p2pb1/p2p3p/1p3P1Q/3P2P1/2N1BN2/PPP5/2KR1B2 w - - 0 1
pos_36,36,9,8265,lorsa,3.591033697128296,-2.0,f3e5,-0.10022732615470886,0.4265449047088623,0.32631757855415344,r1bqk1nr/2p2pb1/p2p3p/1p3P1Q/3P2P1/2N1BN2/PPP5/2KR1B2 w - - 0 1
pos_63,63,5,13852,transcoder,2.2029168605804443,-2.0,f3e5,-0.09943386912345886,0.4265449047088623,0.32711103558540344,r1bqk1nr/2p2pb1/p2p3p/1p3P1Q/3P2P1/2N1BN2/PPP5/2KR1B2 w - - 0 1
pos_36,36,5,5460,lorsa,3.0665171146392822,-2.0,f3e5,-0.09886246919631958,0.4265449047088623,0.3276824355125427,r1bqk1nr/2p2pb1/p2p3p/1p3P1Q/3P2P1/2N1BN2/PPP5/2KR1B2 w - - 0 1
pos_36,36,7,10671,transcoder,0.8758847713470459,-2.0,f3e5,-0.09846889972686768,0.4265449047088623,0.32807600498199463,r1bqk1nr/2p2pb1/p2p3p/1p3P1Q/3P2P1/2N1BN2/PPP5/2KR1B2 w - - 0 1
pos_36,36,13,9260,lorsa,2.7596147060394287,-2.0,f3e5,-0.09772339463233948,0.4265449047088623,0.3288215100765228,r1bqk1nr/2p2pb1/p2p3p/1p3P1Q/3P2P1/2N1BN2/PPP5/2KR1B2 w - - 0 1
pos_36,36,8,11574,transcoder,0.6268920302391052,-2.0,f3e5,-0.09539327025413513,0.4265449047088623,0.3311516344547272,r1bqk1nr/2p2pb1/p2p3p/1p3P1Q/3P2P1/2N1BN2/PPP5/2KR1B2 w - - 0 1
pos_47,47,7,14452,transcoder,3.313931703567505,-2.0,f3e5,-0.09426185488700867,0.4265449047088623,0.33228304982185364,r1bqk1nr/2p2pb1/p2p3p/1p3P1Q/3P2P1/2N1BN2/PPP5/2KR1B2 w - - 0 1
pos_3,3,10,11113,transcoder,0.9943823218345642,-2.0,f3e5,-0.0941387414932251,0.4265449047088623,0.3324061632156372,r1bqk1nr/2p2pb1/p2p3p/1p3P1Q/3P2P1/2N1BN2/PPP5/2KR1B2 w - - 0 1
pos_45,45,3,4566,lorsa,3.5311343669891357,-2.0,f3e5,-0.0940304696559906,0.4265449047088623,0.3325144350528717,r1bqk1nr/2p2pb1/p2p3p/1p3P1Q/3P2P1/2N1BN2/PPP5/2KR1B2 w - - 0 1
pos_36,36,7,14452,transcoder,3.3299098014831543,-2.0,f3e5,-0.09306979179382324,0.4265449047088623,0.33347511291503906,r1bqk1nr/2p2pb1/p2p3p/1p3P1Q/3P2P1/2N1BN2/PPP5/2KR1B2 w - - 0 1
pos_60,60,5,12930,transcoder,1.6677312850952148,-2.0,f3e5,-0.09207397699356079,0.4265449047088623,0.3344709277153015,r1bqk1nr/2p2pb1/p2p3p/1p3P1Q/3P2P1/2N1BN2/PPP5/2KR1B2 w - - 0 1
pos_36,36,8,1468,lorsa,3.8707199096679688,-2.0,f3e5,-0.09168583154678345,0.4265449047088623,0.33485907316207886,r1bqk1nr/2p2pb1/p2p3p/1p3P1Q/3P2P1/2N1BN2/PPP5/2KR1B2 w - - 0 1
pos_18,18,7,14977,transcoder,1.8477169275283813,-2.0,f3e5,-0.09038138389587402,0.4265449047088623,0.3361635208129883,r1bqk1nr/2p2pb1/p2p3p/1p3P1Q/3P2P1/2N1BN2/PPP5/2KR1B2 w - - 0 1
pos_36,36,2,10873,transcoder,0.6764044165611267,-2.0,f3e5,-0.08887100219726562,0.4265449047088623,0.3376739025115967,r1bqk1nr/2p2pb1/p2p3p/1p3P1Q/3P2P1/2N1BN2/PPP5/2KR1B2 w - - 0 1
pos_18,18,8,8746,transcoder,0.7706036567687988,-2.0,f3e5,-0.08857738971710205,0.4265449047088623,0.33796751499176025,r1bqk1nr/2p2pb1/p2p3p/1p3P1Q/3P2P1/2N1BN2/PPP5/2KR1B2 w - - 0 1
pos_3,3,3,4062,lorsa,1.6329549551010132,-2.0,f3e5,-0.08690506219863892,0.4265449047088623,0.3396398425102234,r1bqk1nr/2p2pb1/p2p3p/1p3P1Q/3P2P1/2N1BN2/PPP5/2KR1B2 w - - 0 1
pos_43,43,4,2634,lorsa,1.4697251319885254,-2.0,f3e5,-0.08670985698699951,0.4265449047088623,0.3398350477218628,r1bqk1nr/2p2pb1/p2p3p/1p3P1Q/3P2P1/2N1BN2/PPP5/2KR1B2 w - - 0 1
pos_36,36,13,5534,lorsa,1.6633868217468262,-2.0,f3e5,-0.08611565828323364,0.4265449047088623,0.34042924642562866,r1bqk1nr/2p2pb1/p2p3p/1p3P1Q/3P2P1/2N1BN2/PPP5/2KR1B2 w - - 0 1
pos_36,36,6,13247,transcoder,0.976347804069519,-2.0,f3e5,-0.08602103590965271,0.4265449047088623,0.3405238687992096,r1bqk1nr/2p2pb1/p2p3p/1p3P1Q/3P2P1/2N1BN2/PPP5/2KR1B2 w - - 0 1
pos_36,36,1,11885,lorsa,1.693833827972412,-2.0,f3e5,-0.08549162745475769,0.4265449047088623,0.3410532772541046,r1bqk1nr/2p2pb1/p2p3p/1p3P1Q/3P2P1/2N1BN2/PPP5/2KR1B2 w - - 0 1
pos_36,36,6,11513,transcoder,0.44179219007492065,-2.0,f3e5,-0.08517712354660034,0.4265449047088623,0.34136778116226196,r1bqk1nr/2p2pb1/p2p3p/1p3P1Q/3P2P1/2N1BN2/PPP5/2KR1B2 w - - 0 1
pos_45,45,0,7934,lorsa,3.3566768169403076,-2.0,f3e5,-0.08481815457344055,0.4265449047088623,0.34172675013542175,r1bqk1nr/2p2pb1/p2p3p/1p3P1Q/3P2P1/2N1BN2/PPP5/2KR1B2 w - - 0 1
pos_36,36,9,8460,transcoder,0.8671631813049316,-2.0,f3e5,-0.0840657651424408,0.4265449047088623,0.3424791395664215,r1bqk1nr/2p2pb1/p2p3p/1p3P1Q/3P2P1/2N1BN2/PPP5/2KR1B2 w - - 0 1
pos_14,14,2,7624,lorsa,4.371225357055664,-2.0,f3e5,-0.0829584002494812,0.4265449047088623,0.3435865044593811,r1bqk1nr/2p2pb1/p2p3p/1p3P1Q/3P2P1/2N1BN2/PPP5/2KR1B2 w - - 0 1
pos_36,36,1,4314,transcoder,0.5429596900939941,-2.0,f3e5,-0.08283886313438416,0.4265449047088623,0.34370604157447815,r1bqk1nr/2p2pb1/p2p3p/1p3P1Q/3P2P1/2N1BN2/PPP5/2KR1B2 w - - 0 1
pos_36,36,10,11001,transcoder,0.587298572063446,-2.0,f3e5,-0.08166176080703735,0.4265449047088623,0.34488314390182495,r1bqk1nr/2p2pb1/p2p3p/1p3P1Q/3P2P1/2N1BN2/PPP5/2KR1B2 w - - 0 1
pos_27,27,0,5613,lorsa,1.191082239151001,-2.0,f3e5,-0.08116933703422546,0.4265449047088623,0.34537556767463684,r1bqk1nr/2p2pb1/p2p3p/1p3P1Q/3P2P1/2N1BN2/PPP5/2KR1B2 w - - 0 1
pos_18,18,4,14280,transcoder,0.9238331317901611,-2.0,f3e5,-0.0803845226764679,0.4265449047088623,0.3461603820323944,r1bqk1nr/2p2pb1/p2p3p/1p3P1Q/3P2P1/2N1BN2/PPP5/2KR1B2 w - - 0 1
pos_18,18,6,14977,transcoder,1.793497920036316,-2.0,f3e5,-0.08020225167274475,0.4265449047088623,0.34634265303611755,r1bqk1nr/2p2pb1/p2p3p/1p3P1Q/3P2P1/2N1BN2/PPP5/2KR1B2 w - - 0 1
pos_43,43,4,12716,transcoder,0.6625145673751831,-2.0,f3e5,-0.07953503727912903,0.4265449047088623,0.3470098674297333,r1bqk1nr/2p2pb1/p2p3p/1p3P1Q/3P2P1/2N1BN2/PPP5/2KR1B2 w - - 0 1
pos_18,18,3,11376,transcoder,1.2894928455352783,-2.0,f3e5,-0.07919439673423767,0.4265449047088623,0.34735050797462463,r1bqk1nr/2p2pb1/p2p3p/1p3P1Q/3P2P1/2N1BN2/PPP5/2KR1B2 w - - 0 1
pos_36,36,1,6470,transcoder,0.5331307053565979,-2.0,f3e5,-0.0786702036857605,0.4265449047088623,0.3478747010231018,r1bqk1nr/2p2pb1/p2p3p/1p3P1Q/3P2P1/2N1BN2/PPP5/2KR1B2 w - - 0 1
pos_63,63,2,14723,transcoder,0.8590875864028931,-2.0,f3e5,-0.07794836163520813,0.4265449047088623,0.3485965430736542,r1bqk1nr/2p2pb1/p2p3p/1p3P1Q/3P2P1/2N1BN2/PPP5/2KR1B2 w - - 0 1
pos_27,27,3,1736,lorsa,4.417971134185791,-2.0,f3e5,-0.07777595520019531,0.4265449047088623,0.348768949508667,r1bqk1nr/2p2pb1/p2p3p/1p3P1Q/3P2P1/2N1BN2/PPP5/2KR1B2 w - - 0 1
pos_45,45,2,14055,lorsa,3.8383095264434814,-2.0,f3e5,-0.07759004831314087,0.4265449047088623,0.34895485639572144,r1bqk1nr/2p2pb1/p2p3p/1p3P1Q/3P2P1/2N1BN2/PPP5/2KR1B2 w - - 0 1
pos_49,49,12,11663,lorsa,3.366370677947998,-2.0,f3e5,-0.077120840549469,0.4265449047088623,0.3494240641593933,r1bqk1nr/2p2pb1/p2p3p/1p3P1Q/3P2P1/2N1BN2/PPP5/2KR1B2 w - - 0 1
pos_60,60,4,11919,transcoder,0.7781699895858765,-2.0,f3e5,-0.07598847150802612,0.4265449047088623,0.3505564332008362,r1bqk1nr/2p2pb1/p2p3p/1p3P1Q/3P2P1/2N1BN2/PPP5/2KR1B2 w - - 0 1
pos_59,59,8,5284,transcoder,1.3973568677902222,-2.0,f3e5,-0.0756436288356781,0.4265449047088623,0.3509012758731842,r1bqk1nr/2p2pb1/p2p3p/1p3P1Q/3P2P1/2N1BN2/PPP5/2KR1B2 w - - 0 1
pos_36,36,5,2716,transcoder,0.4400579631328583,-2.0,f3e5,-0.07541275024414062,0.4265449047088623,0.3511321544647217,r1bqk1nr/2p2pb1/p2p3p/1p3P1Q/3P2P1/2N1BN2/PPP5/2KR1B2 w - - 0 1
pos_38,38,3,1861,lorsa,5.552481174468994,-2.0,f3e5,-0.0750860869884491,0.4265449047088623,0.3514588177204132,r1bqk1nr/2p2pb1/p2p3p/1p3P1Q/3P2P1/2N1BN2/PPP5/2KR1B2 w - - 0 1
pos_43,43,2,16294,transcoder,0.3670580983161926,-2.0,f3e5,-0.07463303208351135,0.4265449047088623,0.35191187262535095,r1bqk1nr/2p2pb1/p2p3p/1p3P1Q/3P2P1/2N1BN2/PPP5/2KR1B2 w - - 0 1
pos_54,54,2,3004,transcoder,0.7483957409858704,-2.0,f3e5,-0.07446226477622986,0.4265449047088623,0.35208263993263245,r1bqk1nr/2p2pb1/p2p3p/1p3P1Q/3P2P1/2N1BN2/PPP5/2KR1B2 w - - 0 1
pos_20,20,7,14452,transcoder,3.8120827674865723,-2.0,f3e5,-0.07411351799964905,0.4265449047088623,0.35243138670921326,r1bqk1nr/2p2pb1/p2p3p/1p3P1Q/3P2P1/2N1BN2/PPP5/2KR1B2 w - - 0 1
pos_49,49,1,8213,lorsa,2.5499539375305176,-2.0,f3e5,-0.0737781822681427,0.4265449047088623,0.3527667224407196,r1bqk1nr/2p2pb1/p2p3p/1p3P1Q/3P2P1/2N1BN2/PPP5/2KR1B2 w - - 0 1
pos_36,36,1,10566,transcoder,0.5374178886413574,-2.0,f3e5,-0.07342788577079773,0.4265449047088623,0.3531170189380646,r1bqk1nr/2p2pb1/p2p3p/1p3P1Q/3P2P1/2N1BN2/PPP5/2KR1B2 w - - 0 1
pos_36,36,9,3901,transcoder,0.5146542191505432,-2.0,f3e5,-0.07312670350074768,0.4265449047088623,0.3534182012081146,r1bqk1nr/2p2pb1/p2p3p/1p3P1Q/3P2P1/2N1BN2/PPP5/2KR1B2 w - - 0 1
pos_36,36,6,8540,transcoder,0.6434565186500549,-2.0,f3e5,-0.07259294390678406,0.4265449047088623,0.35395196080207825,r1bqk1nr/2p2pb1/p2p3p/1p3P1Q/3P2P1/2N1BN2/PPP5/2KR1B2 w - - 0 1
pos_3,3,6,15700,lorsa,2.893019676208496,-2.0,f3e5,-0.07218757271766663,0.4265449047088623,0.3543573319911957,r1bqk1nr/2p2pb1/p2p3p/1p3P1Q/3P2P1/2N1BN2/PPP5/2KR1B2 w - - 0 1
pos_36,36,8,3757,lorsa,3.8240530490875244,-2.0,f3e5,-0.07217064499855042,0.4265449047088623,0.3543742597103119,r1bqk1nr/2p2pb1/p2p3p/1p3P1Q/3P2P1/2N1BN2/PPP5/2KR1B2 w - - 0 1
pos_62,62,5,13299,transcoder,0.9039543271064758,-2.0,f3e5,-0.0721520483493805,0.4265449047088623,0.3543928563594818,r1bqk1nr/2p2pb1/p2p3p/1p3P1Q/3P2P1/2N1BN2/PPP5/2KR1B2 w - - 0 1
pos_36,36,12,9890,lorsa,5.06459903717041,-2.0,f3e5,-0.07182204723358154,0.4265449047088623,0.35472285747528076,r1bqk1nr/2p2pb1/p2p3p/1p3P1Q/3P2P1/2N1BN2/PPP5/2KR1B2 w - - 0 1
pos_36,36,8,9408,transcoder,0.7017480134963989,-2.0,f3e5,-0.07152095437049866,0.4265449047088623,0.35502395033836365,r1bqk1nr/2p2pb1/p2p3p/1p3P1Q/3P2P1/2N1BN2/PPP5/2KR1B2 w - - 0 1
pos_36,36,2,12490,lorsa,3.5559499263763428,-2.0,f3e5,-0.06984272599220276,0.4265449047088623,0.35670217871665955,r1bqk1nr/2p2pb1/p2p3p/1p3P1Q/3P2P1/2N1BN2/PPP5/2KR1B2 w - - 0 1
pos_62,62,7,3543,transcoder,1.7134315967559814,-2.0,f3e5,-0.06978210806846619,0.4265449047088623,0.3567627966403961,r1bqk1nr/2p2pb1/p2p3p/1p3P1Q/3P2P1/2N1BN2/PPP5/2KR1B2 w - - 0 1
pos_27,27,1,717,lorsa,1.5373047590255737,-2.0,f3e5,-0.06908303499221802,0.4265449047088623,0.3574618697166443,r1bqk1nr/2p2pb1/p2p3p/1p3P1Q/3P2P1/2N1BN2/PPP5/2KR1B2 w - - 0 1
pos_27,27,7,5451,lorsa,5.721136569976807,-2.0,f3e5,-0.06750231981277466,0.4265449047088623,0.35904258489608765,r1bqk1nr/2p2pb1/p2p3p/1p3P1Q/3P2P1/2N1BN2/PPP5/2KR1B2 w - - 0 1
pos_36,36,5,4487,transcoder,0.6274858713150024,-2.0,f3e5,-0.0672076940536499,0.4265449047088623,0.3593372106552124,r1bqk1nr/2p2pb1/p2p3p/1p3P1Q/3P2P1/2N1BN2/PPP5/2KR1B2 w - - 0 1
pos_36,36,11,14840,lorsa,1.7748255729675293,-2.0,f3e5,-0.06717270612716675,0.4265449047088623,0.35937219858169556,r1bqk1nr/2p2pb1/p2p3p/1p3P1Q/3P2P1/2N1BN2/PPP5/2KR1B2 w - - 0 1
pos_36,36,5,13425,lorsa,2.609438896179199,-2.0,f3e5,-0.06700575351715088,0.4265449047088623,0.3595391511917114,r1bqk1nr/2p2pb1/p2p3p/1p3P1Q/3P2P1/2N1BN2/PPP5/2KR1B2 w - - 0 1
pos_0,0,10,5090,transcoder,18.274608612060547,-2.0,f3e5,-0.06664484739303589,0.4265449047088623,0.3599000573158264,r1bqk1nr/2p2pb1/p2p3p/1p3P1Q/3P2P1/2N1BN2/PPP5/2KR1B2 w - - 0 1
pos_3,3,6,6259,transcoder,0.9025176763534546,-2.0,f3e5,-0.0658593475818634,0.4265449047088623,0.3606855571269989,r1bqk1nr/2p2pb1/p2p3p/1p3P1Q/3P2P1/2N1BN2/PPP5/2KR1B2 w - - 0 1
pos_63,63,6,3210,transcoder,1.8999005556106567,-2.0,f3e5,-0.06582304835319519,0.4265449047088623,0.3607218563556671,r1bqk1nr/2p2pb1/p2p3p/1p3P1Q/3P2P1/2N1BN2/PPP5/2KR1B2 w - - 0 1
pos_36,36,8,8745,transcoder,5.316267967224121,-2.0,f3e5,-0.06534117460250854,0.4265449047088623,0.36120373010635376,r1bqk1nr/2p2pb1/p2p3p/1p3P1Q/3P2P1/2N1BN2/PPP5/2KR1B2 w - - 0 1
pos_36,36,12,9355,transcoder,0.5506256818771362,-2.0,f3e5,-0.06524309515953064,0.4265449047088623,0.36130180954933167,r1bqk1nr/2p2pb1/p2p3p/1p3P1Q/3P2P1/2N1BN2/PPP5/2KR1B2 w - - 0 1
pos_14,14,1,8308,lorsa,1.677754521369934,-2.0,f3e5,-0.0650528073310852,0.4265449047088623,0.3614920973777771,r1bqk1nr/2p2pb1/p2p3p/1p3P1Q/3P2P1/2N1BN2/PPP5/2KR1B2 w - - 0 1
pos_36,36,4,2320,transcoder,2.2965035438537598,-2.0,f3e5,-0.06476038694381714,0.4265449047088623,0.36178451776504517,r1bqk1nr/2p2pb1/p2p3p/1p3P1Q/3P2P1/2N1BN2/PPP5/2KR1B2 w - - 0 1
pos_36,36,8,776,transcoder,0.732367753982544,-2.0,f3e5,-0.06369498372077942,0.4265449047088623,0.3628499209880829,r1bqk1nr/2p2pb1/p2p3p/1p3P1Q/3P2P1/2N1BN2/PPP5/2KR1B2 w - - 0 1
pos_35,35,7,12765,lorsa,3.486405611038208,-2.0,f3e5,-0.06366461515426636,0.4265449047088623,0.36288028955459595,r1bqk1nr/2p2pb1/p2p3p/1p3P1Q/3P2P1/2N1BN2/PPP5/2KR1B2 w - - 0 1
pos_36,36,7,5459,lorsa,3.490706443786621,-2.0,f3e5,-0.06350076198577881,0.4265449047088623,0.3630441427230835,r1bqk1nr/2p2pb1/p2p3p/1p3P1Q/3P2P1/2N1BN2/PPP5/2KR1B2 w - - 0 1
pos_27,27,0,2299,transcoder,0.2060469388961792,-2.0,f3e5,-0.06338897347450256,0.4265449047088623,0.36315593123435974,r1bqk1nr/2p2pb1/p2p3p/1p3P1Q/3P2P1/2N1BN2/PPP5/2KR1B2 w - - 0 1
pos_47,47,2,15503,lorsa,3.2687530517578125,-2.0,f3e5,-0.06304711103439331,0.4265449047088623,0.363497793674469,r1bqk1nr/2p2pb1/p2p3p/1p3P1Q/3P2P1/2N1BN2/PPP5/2KR1B2 w - - 0 1
pos_36,36,1,2693,transcoder,0.40440571308135986,-2.0,f3e5,-0.06298905611038208,0.4265449047088623,0.3635558485984802,r1bqk1nr/2p2pb1/p2p3p/1p3P1Q/3P2P1/2N1BN2/PPP5/2KR1B2 w - - 0 1
pos_59,59,8,7304,transcoder,0.7314049601554871,-2.0,f3e5,-0.06193450093269348,0.4265449047088623,0.3646104037761688,r1bqk1nr/2p2pb1/p2p3p/1p3P1Q/3P2P1/2N1BN2/PPP5/2KR1B2 w - - 0 1
pos_36,36,12,9878,lorsa,1.8616447448730469,-2.0,f3e5,-0.0617235004901886,0.4265449047088623,0.3648214042186737,r1bqk1nr/2p2pb1/p2p3p/1p3P1Q/3P2P1/2N1BN2/PPP5/2KR1B2 w - - 0 1
pos_36,36,2,14573,transcoder,0.9372068643569946,-2.0,f3e5,-0.06138110160827637,0.4265449047088623,0.36516380310058594,r1bqk1nr/2p2pb1/p2p3p/1p3P1Q/3P2P1/2N1BN2/PPP5/2KR1B2 w - - 0 1
pos_39,39,3,2945,lorsa,2.4895384311676025,-2.0,f3e5,-0.061271607875823975,0.4265449047088623,0.36527329683303833,r1bqk1nr/2p2pb1/p2p3p/1p3P1Q/3P2P1/2N1BN2/PPP5/2KR1B2 w - - 0 1
pos_36,36,14,15619,transcoder,0.42063450813293457,-2.0,f3e5,-0.06084999442100525,0.4265449047088623,0.36569491028785706,r1bqk1nr/2p2pb1/p2p3p/1p3P1Q/3P2P1/2N1BN2/PPP5/2KR1B2 w - - 0 1
pos_47,47,6,15671,transcoder,5.260394096374512,-2.0,f3e5,-0.06078284978866577,0.4265449047088623,0.36576205492019653,r1bqk1nr/2p2pb1/p2p3p/1p3P1Q/3P2P1/2N1BN2/PPP5/2KR1B2 w - - 0 1
pos_27,27,0,3225,transcoder,0.5350053906440735,-2.0,f3e5,-0.06065294146537781,0.4265449047088623,0.3658919632434845,r1bqk1nr/2p2pb1/p2p3p/1p3P1Q/3P2P1/2N1BN2/PPP5/2KR1B2 w - - 0 1
pos_36,36,5,13320,lorsa,2.290212869644165,-2.0,f3e5,-0.06045261025428772,0.4265449047088623,0.3660922944545746,r1bqk1nr/2p2pb1/p2p3p/1p3P1Q/3P2P1/2N1BN2/PPP5/2KR1B2 w - - 0 1
pos_14,14,4,8348,transcoder,0.7882069945335388,-2.0,f3e5,-0.06009814143180847,0.4265449047088623,0.36644676327705383,r1bqk1nr/2p2pb1/p2p3p/1p3P1Q/3P2P1/2N1BN2/PPP5/2KR1B2 w - - 0 1
pos_14,14,2,2057,transcoder,0.5836755037307739,-2.0,f3e5,-0.06009623408317566,0.4265449047088623,0.36644867062568665,r1bqk1nr/2p2pb1/p2p3p/1p3P1Q/3P2P1/2N1BN2/PPP5/2KR1B2 w - - 0 1
pos_47,47,0,15755,lorsa,2.675769567489624,-2.0,f3e5,-0.05983436107635498,0.4265449047088623,0.3667105436325073,r1bqk1nr/2p2pb1/p2p3p/1p3P1Q/3P2P1/2N1BN2/PPP5/2KR1B2 w - - 0 1
pos_27,27,3,14691,transcoder,0.7342837452888489,-2.0,f3e5,-0.05928501486778259,0.4265449047088623,0.3672598898410797,r1bqk1nr/2p2pb1/p2p3p/1p3P1Q/3P2P1/2N1BN2/PPP5/2KR1B2 w - - 0 1
pos_36,36,1,3332,transcoder,0.6595491766929626,-2.0,f3e5,-0.05927276611328125,0.4265449047088623,0.36727213859558105,r1bqk1nr/2p2pb1/p2p3p/1p3P1Q/3P2P1/2N1BN2/PPP5/2KR1B2 w - - 0 1
pos_60,60,2,14106,transcoder,1.297499656677246,-2.0,f3e5,-0.05853140354156494,0.4265449047088623,0.36801350116729736,r1bqk1nr/2p2pb1/p2p3p/1p3P1Q/3P2P1/2N1BN2/PPP5/2KR1B2 w - - 0 1
pos_27,27,0,6051,lorsa,1.6776734590530396,-2.0,f3e5,-0.05851244926452637,0.4265449047088623,0.36803245544433594,r1bqk1nr/2p2pb1/p2p3p/1p3P1Q/3P2P1/2N1BN2/PPP5/2KR1B2 w - - 0 1
pos_36,36,0,1507,transcoder,0.29098913073539734,-2.0,f3e5,-0.05824187397956848,0.4265449047088623,0.3683030307292938,r1bqk1nr/2p2pb1/p2p3p/1p3P1Q/3P2P1/2N1BN2/PPP5/2KR1B2 w - - 0 1
pos_36,36,2,8480,transcoder,0.4812658429145813,-2.0,f3e5,-0.0580599308013916,0.4265449047088623,0.3684849739074707,r1bqk1nr/2p2pb1/p2p3p/1p3P1Q/3P2P1/2N1BN2/PPP5/2KR1B2 w - - 0 1
pos_44,44,4,7732,lorsa,2.335597515106201,-2.0,f3e5,-0.05791470408439636,0.4265449047088623,0.36863020062446594,r1bqk1nr/2p2pb1/p2p3p/1p3P1Q/3P2P1/2N1BN2/PPP5/2KR1B2 w - - 0 1
pos_52,52,11,1680,lorsa,2.564471960067749,-2.0,f3e5,-0.057865798473358154,0.4265449047088623,0.36867910623550415,r1bqk1nr/2p2pb1/p2p3p/1p3P1Q/3P2P1/2N1BN2/PPP5/2KR1B2 w - - 0 1
pos_36,36,12,8564,transcoder,0.5210015177726746,-2.0,f3e5,-0.05757296085357666,0.4265449047088623,0.36897194385528564,r1bqk1nr/2p2pb1/p2p3p/1p3P1Q/3P2P1/2N1BN2/PPP5/2KR1B2 w - - 0 1
pos_39,39,8,12437,lorsa,4.935873985290527,-2.0,f3e5,-0.057150036096572876,0.4265449047088623,0.36939486861228943,r1bqk1nr/2p2pb1/p2p3p/1p3P1Q/3P2P1/2N1BN2/PPP5/2KR1B2 w - - 0 1
pos_36,36,7,269,lorsa,1.5879327058792114,-2.0,f3e5,-0.057043373584747314,0.4265449047088623,0.369501531124115,r1bqk1nr/2p2pb1/p2p3p/1p3P1Q/3P2P1/2N1BN2/PPP5/2KR1B2 w - - 0 1
pos_21,21,11,11974,transcoder,3.620283603668213,-2.0,f3e5,-0.05689200758934021,0.4265449047088623,0.3696528971195221,r1bqk1nr/2p2pb1/p2p3p/1p3P1Q/3P2P1/2N1BN2/PPP5/2KR1B2 w - - 0 1
pos_36,36,1,1822,lorsa,1.5588611364364624,-2.0,f3e5,-0.05665972828865051,0.4265449047088623,0.3698851764202118,r1bqk1nr/2p2pb1/p2p3p/1p3P1Q/3P2P1/2N1BN2/PPP5/2KR1B2 w - - 0 1
pos_14,14,3,4185,transcoder,0.7747831344604492,-2.0,f3e5,-0.056274861097335815,0.4265449047088623,0.3702700436115265,r1bqk1nr/2p2pb1/p2p3p/1p3P1Q/3P2P1/2N1BN2/PPP5/2KR1B2 w - - 0 1
pos_36,36,12,9871,lorsa,1.8985333442687988,-2.0,f3e5,-0.05539533495903015,0.4265449047088623,0.37114956974983215,r1bqk1nr/2p2pb1/p2p3p/1p3P1Q/3P2P1/2N1BN2/PPP5/2KR1B2 w - - 0 1
pos_59,59,7,10622,transcoder,0.7834378480911255,-2.0,f3e5,-0.05509215593338013,0.4265449047088623,0.3714527487754822,r1bqk1nr/2p2pb1/p2p3p/1p3P1Q/3P2P1/2N1BN2/PPP5/2KR1B2 w - - 0 1
pos_18,18,5,14977,transcoder,1.3535345792770386,-2.0,f3e5,-0.05482393503189087,0.4265449047088623,0.37172096967697144,r1bqk1nr/2p2pb1/p2p3p/1p3P1Q/3P2P1/2N1BN2/PPP5/2KR1B2 w - - 0 1
pos_36,36,13,9238,lorsa,2.624382734298706,-2.0,f3e5,-0.05480894446372986,0.4265449047088623,0.37173596024513245,r1bqk1nr/2p2pb1/p2p3p/1p3P1Q/3P2P1/2N1BN2/PPP5/2KR1B2 w - - 0 1
pos_14,14,14,6541,lorsa,1.2900267839431763,-2.0,f3e5,-0.05480504035949707,0.4265449047088623,0.37173986434936523,r1bqk1nr/2p2pb1/p2p3p/1p3P1Q/3P2P1/2N1BN2/PPP5/2KR1B2 w - - 0 1
pos_35,35,10,13771,transcoder,0.726324200630188,-2.0,f3e5,-0.054794251918792725,0.4265449047088623,0.3717506527900696,r1bqk1nr/2p2pb1/p2p3p/1p3P1Q/3P2P1/2N1BN2/PPP5/2KR1B2 w - - 0 1
pos_36,36,8,7078,transcoder,0.5934697985649109,-2.0,f3e5,-0.054494261741638184,0.4265449047088623,0.3720506429672241,r1bqk1nr/2p2pb1/p2p3p/1p3P1Q/3P2P1/2N1BN2/PPP5/2KR1B2 w - - 0 1
pos_39,39,7,7600,transcoder,1.7896348237991333,-2.0,f3e5,-0.05440795421600342,0.4265449047088623,0.3721369504928589,r1bqk1nr/2p2pb1/p2p3p/1p3P1Q/3P2P1/2N1BN2/PPP5/2KR1B2 w - - 0 1
pos_37,37,0,12663,transcoder,1.3711520433425903,-2.0,f3e5,-0.054206520318984985,0.4265449047088623,0.3723383843898773,r1bqk1nr/2p2pb1/p2p3p/1p3P1Q/3P2P1/2N1BN2/PPP5/2KR1B2 w - - 0 1
pos_3,3,9,13118,lorsa,3.4335744380950928,-2.0,f3e5,-0.05402371287345886,0.4265449047088623,0.37252119183540344,r1bqk1nr/2p2pb1/p2p3p/1p3P1Q/3P2P1/2N1BN2/PPP5/2KR1B2 w - - 0 1
pos_21,21,1,612,transcoder,0.636751115322113,-2.0,f3e5,-0.053822219371795654,0.4265449047088623,0.37272268533706665,r1bqk1nr/2p2pb1/p2p3p/1p3P1Q/3P2P1/2N1BN2/PPP5/2KR1B2 w - - 0 1
pos_36,36,5,4087,transcoder,0.5863869190216064,-2.0,f3e5,-0.053729504346847534,0.4265449047088623,0.37281540036201477,r1bqk1nr/2p2pb1/p2p3p/1p3P1Q/3P2P1/2N1BN2/PPP5/2KR1B2 w - - 0 1
pos_36,36,11,13284,transcoder,0.3360329270362854,-2.0,f3e5,-0.05366024374961853,0.4265449047088623,0.3728846609592438,r1bqk1nr/2p2pb1/p2p3p/1p3P1Q/3P2P1/2N1BN2/PPP5/2KR1B2 w - - 0 1
pos_61,61,4,7216,transcoder,1.426080584526062,-2.0,f3e5,-0.053597092628479004,0.4265449047088623,0.3729478120803833,r1bqk1nr/2p2pb1/p2p3p/1p3P1Q/3P2P1/2N1BN2/PPP5/2KR1B2 w - - 0 1
pos_36,36,5,10628,lorsa,3.798208475112915,-2.0,f3e5,-0.05358806252479553,0.4265449047088623,0.3729568421840668,r1bqk1nr/2p2pb1/p2p3p/1p3P1Q/3P2P1/2N1BN2/PPP5/2KR1B2 w - - 0 1
pos_36,36,2,15252,transcoder,0.285544753074646,-2.0,f3e5,-0.053414762020111084,0.4265449047088623,0.3731301426887512,r1bqk1nr/2p2pb1/p2p3p/1p3P1Q/3P2P1/2N1BN2/PPP5/2KR1B2 w - - 0 1
pos_36,36,5,4127,transcoder,0.6348527073860168,-2.0,f3e5,-0.05329573154449463,0.4265449047088623,0.3732491731643677,r1bqk1nr/2p2pb1/p2p3p/1p3P1Q/3P2P1/2N1BN2/PPP5/2KR1B2 w - - 0 1
pos_39,39,0,14461,transcoder,0.6437953114509583,-2.0,f3e5,-0.05313262343406677,0.4265449047088623,0.37341228127479553,r1bqk1nr/2p2pb1/p2p3p/1p3P1Q/3P2P1/2N1BN2/PPP5/2KR1B2 w - - 0 1
pos_36,36,7,10198,transcoder,0.8630536198616028,-2.0,f3e5,-0.052946656942367554,0.4265449047088623,0.37359824776649475,r1bqk1nr/2p2pb1/p2p3p/1p3P1Q/3P2P1/2N1BN2/PPP5/2KR1B2 w - - 0 1
pos_9,9,0,7465,lorsa,4.284246921539307,-2.0,f3e5,-0.05260670185089111,0.4265449047088623,0.3739382028579712,r1bqk1nr/2p2pb1/p2p3p/1p3P1Q/3P2P1/2N1BN2/PPP5/2KR1B2 w - - 0 1
pos_36,36,8,8441,lorsa,9.023415565490723,-2.0,f3e5,-0.05253985524177551,0.4265449047088623,0.3740050494670868,r1bqk1nr/2p2pb1/p2p3p/1p3P1Q/3P2P1/2N1BN2/PPP5/2KR1B2 w - - 0 1
pos_36,36,4,7015,transcoder,0.4674502909183502,-2.0,f3e5,-0.05224621295928955,0.4265449047088623,0.37429869174957275,r1bqk1nr/2p2pb1/p2p3p/1p3P1Q/3P2P1/2N1BN2/PPP5/2KR1B2 w - - 0 1
pos_36,36,14,8599,transcoder,0.7293266654014587,-2.0,f3e5,-0.052235543727874756,0.4265449047088623,0.37430936098098755,r1bqk1nr/2p2pb1/p2p3p/1p3P1Q/3P2P1/2N1BN2/PPP5/2KR1B2 w - - 0 1
pos_35,35,9,12732,lorsa,2.9757447242736816,-2.0,f3e5,-0.052161604166030884,0.4265449047088623,0.3743833005428314,r1bqk1nr/2p2pb1/p2p3p/1p3P1Q/3P2P1/2N1BN2/PPP5/2KR1B2 w - - 0 1
pos_38,38,4,7697,lorsa,4.6510419845581055,-2.0,f3e5,-0.05194094777107239,0.4265449047088623,0.3746039569377899,r1bqk1nr/2p2pb1/p2p3p/1p3P1Q/3P2P1/2N1BN2/PPP5/2KR1B2 w - - 0 1
pos_6,6,8,11854,transcoder,7.1796770095825195,-2.0,f3e5,-0.051663100719451904,0.4265449047088623,0.3748818039894104,r1bqk1nr/2p2pb1/p2p3p/1p3P1Q/3P2P1/2N1BN2/PPP5/2KR1B2 w - - 0 1
pos_43,43,0,3608,lorsa,2.4475560188293457,-2.0,f3e5,-0.0515749454498291,0.4265449047088623,0.3749699592590332,r1bqk1nr/2p2pb1/p2p3p/1p3P1Q/3P2P1/2N1BN2/PPP5/2KR1B2 w - - 0 1
pos_36,36,3,2235,transcoder,1.183021068572998,-2.0,f3e5,-0.05153501033782959,0.4265449047088623,0.3750098943710327,r1bqk1nr/2p2pb1/p2p3p/1p3P1Q/3P2P1/2N1BN2/PPP5/2KR1B2 w - - 0 1
pos_36,36,4,15547,lorsa,1.2095329761505127,-2.0,f3e5,-0.051214009523391724,0.4265449047088623,0.3753308951854706,r1bqk1nr/2p2pb1/p2p3p/1p3P1Q/3P2P1/2N1BN2/PPP5/2KR1B2 w - - 0 1
pos_27,27,1,12270,transcoder,0.4896550476551056,-2.0,f3e5,-0.051117122173309326,0.4265449047088623,0.375427782535553,r1bqk1nr/2p2pb1/p2p3p/1p3P1Q/3P2P1/2N1BN2/PPP5/2KR1B2 w - - 0 1
pos_3,3,8,16029,transcoder,0.8002055287361145,-2.0,f3e5,-0.050845593214035034,0.4265449047088623,0.37569931149482727,r1bqk1nr/2p2pb1/p2p3p/1p3P1Q/3P2P1/2N1BN2/PPP5/2KR1B2 w - - 0 1
pos_27,27,2,12270,transcoder,0.32696858048439026,-2.0,f3e5,-0.05068749189376831,0.4265449047088623,0.375857412815094,r1bqk1nr/2p2pb1/p2p3p/1p3P1Q/3P2P1/2N1BN2/PPP5/2KR1B2 w - - 0 1
pos_36,36,1,11570,lorsa,1.0531909465789795,-2.0,f3e5,-0.04977607727050781,0.4265449047088623,0.3767688274383545,r1bqk1nr/2p2pb1/p2p3p/1p3P1Q/3P2P1/2N1BN2/PPP5/2KR1B2 w - - 0 1
pos_27,27,10,9278,transcoder,5.562605857849121,-2.0,f3e5,-0.04964715242385864,0.4265449047088623,0.37689775228500366,r1bqk1nr/2p2pb1/p2p3p/1p3P1Q/3P2P1/2N1BN2/PPP5/2KR1B2 w - - 0 1
pos_36,36,9,4521,lorsa,3.1571714878082275,-2.0,f3e5,-0.04950597882270813,0.4265449047088623,0.3770389258861542,r1bqk1nr/2p2pb1/p2p3p/1p3P1Q/3P2P1/2N1BN2/PPP5/2KR1B2 w - - 0 1
pos_61,61,3,8330,transcoder,1.7861706018447876,-2.0,f3e5,-0.04948925971984863,0.4265449047088623,0.37705564498901367,r1bqk1nr/2p2pb1/p2p3p/1p3P1Q/3P2P1/2N1BN2/PPP5/2KR1B2 w - - 0 1
pos_36,36,5,12500,transcoder,0.3900949954986572,-2.0,f3e5,-0.049241840839385986,0.4265449047088623,0.3773030638694763,r1bqk1nr/2p2pb1/p2p3p/1p3P1Q/3P2P1/2N1BN2/PPP5/2KR1B2 w - - 0 1
pos_9,9,1,10107,transcoder,0.8327892422676086,-2.0,f3e5,-0.04908916354179382,0.4265449047088623,0.3774557411670685,r1bqk1nr/2p2pb1/p2p3p/1p3P1Q/3P2P1/2N1BN2/PPP5/2KR1B2 w - - 0 1
pos_35,35,3,13736,lorsa,3.5879011154174805,-2.0,f3e5,-0.049025148153305054,0.4265449047088623,0.37751975655555725,r1bqk1nr/2p2pb1/p2p3p/1p3P1Q/3P2P1/2N1BN2/PPP5/2KR1B2 w - - 0 1
pos_3,3,9,4628,transcoder,1.040234088897705,-2.0,f3e5,-0.04896259307861328,0.4265449047088623,0.377582311630249,r1bqk1nr/2p2pb1/p2p3p/1p3P1Q/3P2P1/2N1BN2/PPP5/2KR1B2 w - - 0 1
pos_3,3,6,15671,transcoder,2.865147590637207,-2.0,f3e5,-0.048900306224823,0.4265449047088623,0.3776445984840393,r1bqk1nr/2p2pb1/p2p3p/1p3P1Q/3P2P1/2N1BN2/PPP5/2KR1B2 w - - 0 1
pos_21,21,14,1034,transcoder,0.982692539691925,-2.0,f3e5,-0.048754364252090454,0.4265449047088623,0.37779054045677185,r1bqk1nr/2p2pb1/p2p3p/1p3P1Q/3P2P1/2N1BN2/PPP5/2KR1B2 w - - 0 1
pos_21,21,14,969,transcoder,1.0221160650253296,-2.0,f3e5,-0.04858797788619995,0.4265449047088623,0.37795692682266235,r1bqk1nr/2p2pb1/p2p3p/1p3P1Q/3P2P1/2N1BN2/PPP5/2KR1B2 w - - 0 1
pos_47,47,2,10249,transcoder,0.8494049310684204,-2.0,f3e5,-0.04804259538650513,0.4265449047088623,0.3785023093223572,r1bqk1nr/2p2pb1/p2p3p/1p3P1Q/3P2P1/2N1BN2/PPP5/2KR1B2 w - - 0 1
pos_35,35,10,16018,transcoder,5.071195602416992,-2.0,f3e5,-0.04791328310966492,0.4265449047088623,0.3786316215991974,r1bqk1nr/2p2pb1/p2p3p/1p3P1Q/3P2P1/2N1BN2/PPP5/2KR1B2 w - - 0 1
pos_27,27,7,14870,transcoder,0.5193299651145935,-2.0,f3e5,-0.04767289757728577,0.4265449047088623,0.37887200713157654,r1bqk1nr/2p2pb1/p2p3p/1p3P1Q/3P2P1/2N1BN2/PPP5/2KR1B2 w - - 0 1
pos_1,1,7,6104,transcoder,4.072308540344238,-2.0,f3e5,-0.04754552245140076,0.4265449047088623,0.37899938225746155,r1bqk1nr/2p2pb1/p2p3p/1p3P1Q/3P2P1/2N1BN2/PPP5/2KR1B2 w - - 0 1
pos_36,36,3,15642,transcoder,0.8003482818603516,-2.0,f3e5,-0.047453850507736206,0.4265449047088623,0.3790910542011261,r1bqk1nr/2p2pb1/p2p3p/1p3P1Q/3P2P1/2N1BN2/PPP5/2KR1B2 w - - 0 1
pos_21,21,7,14452,transcoder,3.8845551013946533,-2.0,f3e5,-0.04737961292266846,0.4265449047088623,0.37916529178619385,r1bqk1nr/2p2pb1/p2p3p/1p3P1Q/3P2P1/2N1BN2/PPP5/2KR1B2 w - - 0 1
pos_36,36,2,15275,transcoder,0.42236605286598206,-2.0,f3e5,-0.04696613550186157,0.4265449047088623,0.37957876920700073,r1bqk1nr/2p2pb1/p2p3p/1p3P1Q/3P2P1/2N1BN2/PPP5/2KR1B2 w - - 0 1
pos_36,36,13,8145,lorsa,2.33288836479187,-2.0,f3e5,-0.0467701256275177,0.4265449047088623,0.3797747790813446,r1bqk1nr/2p2pb1/p2p3p/1p3P1Q/3P2P1/2N1BN2/PPP5/2KR1B2 w - - 0 1
pos_45,45,2,7972,transcoder,0.8607460856437683,-2.0,f3e5,-0.04639497399330139,0.4265449047088623,0.3801499307155609,r1bqk1nr/2p2pb1/p2p3p/1p3P1Q/3P2P1/2N1BN2/PPP5/2KR1B2 w - - 0 1
pos_36,36,4,11693,lorsa,1.4066872596740723,-2.0,f3e5,-0.046374619007110596,0.4265449047088623,0.3801702857017517,r1bqk1nr/2p2pb1/p2p3p/1p3P1Q/3P2P1/2N1BN2/PPP5/2KR1B2 w - - 0 1
pos_35,35,1,15480,lorsa,2.998307466506958,-2.0,f3e5,-0.04629775881767273,0.4265449047088623,0.3802471458911896,r1bqk1nr/2p2pb1/p2p3p/1p3P1Q/3P2P1/2N1BN2/PPP5/2KR1B2 w - - 0 1
pos_36,36,4,8219,transcoder,0.37231943011283875,-2.0,f3e5,-0.046025365591049194,0.4265449047088623,0.3805195391178131,r1bqk1nr/2p2pb1/p2p3p/1p3P1Q/3P2P1/2N1BN2/PPP5/2KR1B2 w - - 0 1
pos_3,3,3,10005,transcoder,0.6649407744407654,-2.0,f3e5,-0.04594987630844116,0.4265449047088623,0.38059502840042114,r1bqk1nr/2p2pb1/p2p3p/1p3P1Q/3P2P1/2N1BN2/PPP5/2KR1B2 w - - 0 1
pos_3,3,9,6254,transcoder,4.30410623550415,-2.0,f3e5,-0.04593786597251892,0.4265449047088623,0.3806070387363434,r1bqk1nr/2p2pb1/p2p3p/1p3P1Q/3P2P1/2N1BN2/PPP5/2KR1B2 w - - 0 1
pos_43,43,0,11262,lorsa,0.6210018992424011,-2.0,f3e5,-0.045831918716430664,0.4265449047088623,0.38071298599243164,r1bqk1nr/2p2pb1/p2p3p/1p3P1Q/3P2P1/2N1BN2/PPP5/2KR1B2 w - - 0 1
pos_43,43,5,7776,transcoder,0.5750432014465332,-2.0,f3e5,-0.045811742544174194,0.4265449047088623,0.3807331621646881,r1bqk1nr/2p2pb1/p2p3p/1p3P1Q/3P2P1/2N1BN2/PPP5/2KR1B2 w - - 0 1
pos_35,35,11,11974,transcoder,4.092963218688965,-2.0,f3e5,-0.04555770754814148,0.4265449047088623,0.3809871971607208,r1bqk1nr/2p2pb1/p2p3p/1p3P1Q/3P2P1/2N1BN2/PPP5/2KR1B2 w - - 0 1
pos_36,36,0,6985,transcoder,0.2559208869934082,-2.0,f3e5,-0.045534372329711914,0.4265449047088623,0.3810105323791504,r1bqk1nr/2p2pb1/p2p3p/1p3P1Q/3P2P1/2N1BN2/PPP5/2KR1B2 w - - 0 1
pos_27,27,7,4537,lorsa,1.9889576435089111,-2.0,f3e5,-0.04531624913215637,0.4265449047088623,0.38122865557670593,r1bqk1nr/2p2pb1/p2p3p/1p3P1Q/3P2P1/2N1BN2/PPP5/2KR1B2 w - - 0 1
pos_44,44,6,13484,lorsa,3.0402538776397705,-2.0,f3e5,-0.04520711302757263,0.4265449047088623,0.3813377916812897,r1bqk1nr/2p2pb1/p2p3p/1p3P1Q/3P2P1/2N1BN2/PPP5/2KR1B2 w - - 0 1
pos_27,27,4,16070,transcoder,0.49171632528305054,-2.0,f3e5,-0.045072197914123535,0.4265449047088623,0.38147270679473877,r1bqk1nr/2p2pb1/p2p3p/1p3P1Q/3P2P1/2N1BN2/PPP5/2KR1B2 w - - 0 1
pos_60,60,0,7247,lorsa,1.4430265426635742,-2.0,f3e5,-0.0450093150138855,0.4265449047088623,0.3815355896949768,r1bqk1nr/2p2pb1/p2p3p/1p3P1Q/3P2P1/2N1BN2/PPP5/2KR1B2 w - - 0 1
pos_14,14,0,8352,lorsa,3.2247204780578613,-2.0,f3e5,-0.044945329427719116,0.4265449047088623,0.3815995752811432,r1bqk1nr/2p2pb1/p2p3p/1p3P1Q/3P2P1/2N1BN2/PPP5/2KR1B2 w - - 0 1
pos_43,43,0,3464,transcoder,0.3763585388660431,-2.0,f3e5,-0.04467138648033142,0.4265449047088623,0.3818735182285309,r1bqk1nr/2p2pb1/p2p3p/1p3P1Q/3P2P1/2N1BN2/PPP5/2KR1B2 w - - 0 1
pos_14,14,10,9278,transcoder,6.46283483505249,-2.0,f3e5,-0.04441267251968384,0.4265449047088623,0.38213223218917847,r1bqk1nr/2p2pb1/p2p3p/1p3P1Q/3P2P1/2N1BN2/PPP5/2KR1B2 w - - 0 1
pos_57,57,13,12931,transcoder,0.38083311915397644,-2.0,f3e5,-0.04431426525115967,0.4265449047088623,0.38223063945770264,r1bqk1nr/2p2pb1/p2p3p/1p3P1Q/3P2P1/2N1BN2/PPP5/2KR1B2 w - - 0 1
pos_36,36,2,14549,lorsa,1.2103852033615112,-2.0,f3e5,-0.04419630765914917,0.4265449047088623,0.38234859704971313,r1bqk1nr/2p2pb1/p2p3p/1p3P1Q/3P2P1/2N1BN2/PPP5/2KR1B2 w - - 0 1
pos_52,52,9,6548,transcoder,0.38875845074653625,-2.0,f3e5,-0.04404783248901367,0.4265449047088623,0.38249707221984863,r1bqk1nr/2p2pb1/p2p3p/1p3P1Q/3P2P1/2N1BN2/PPP5/2KR1B2 w - - 0 1
pos_36,36,1,9415,transcoder,0.25213298201560974,-2.0,f3e5,-0.04390472173690796,0.4265449047088623,0.38264018297195435,r1bqk1nr/2p2pb1/p2p3p/1p3P1Q/3P2P1/2N1BN2/PPP5/2KR1B2 w - - 0 1
pos_36,36,8,1476,lorsa,1.4948394298553467,-2.0,f3e5,-0.04352086782455444,0.4265449047088623,0.38302403688430786,r1bqk1nr/2p2pb1/p2p3p/1p3P1Q/3P2P1/2N1BN2/PPP5/2KR1B2 w - - 0 1
pos_27,27,4,3261,transcoder,0.34043648838996887,-2.0,f3e5,-0.04319581389427185,0.4265449047088623,0.38334909081459045,r1bqk1nr/2p2pb1/p2p3p/1p3P1Q/3P2P1/2N1BN2/PPP5/2KR1B2 w - - 0 1
pos_57,57,11,13296,transcoder,0.6590584516525269,-2.0,f3e5,-0.043042510747909546,0.4265449047088623,0.38350239396095276,r1bqk1nr/2p2pb1/p2p3p/1p3P1Q/3P2P1/2N1BN2/PPP5/2KR1B2 w - - 0 1
pos_36,36,1,4098,transcoder,0.3550102114677429,-2.0,f3e5,-0.04291871190071106,0.4265449047088623,0.38362619280815125,r1bqk1nr/2p2pb1/p2p3p/1p3P1Q/3P2P1/2N1BN2/PPP5/2KR1B2 w - - 0 1
pos_57,57,13,4451,transcoder,0.19393160939216614,-2.0,f3e5,-0.04288724064826965,0.4265449047088623,0.38365766406059265,r1bqk1nr/2p2pb1/p2p3p/1p3P1Q/3P2P1/2N1BN2/PPP5/2KR1B2 w - - 0 1
pos_27,27,6,15671,transcoder,2.847353935241699,-2.0,f3e5,-0.042591094970703125,0.4265449047088623,0.3839538097381592,r1bqk1nr/2p2pb1/p2p3p/1p3P1Q/3P2P1/2N1BN2/PPP5/2KR1B2 w - - 0 1
pos_34,34,3,11060,lorsa,2.1169443130493164,-2.0,f3e5,-0.04247567057609558,0.4265449047088623,0.3840692341327667,r1bqk1nr/2p2pb1/p2p3p/1p3P1Q/3P2P1/2N1BN2/PPP5/2KR1B2 w - - 0 1
pos_14,14,0,8178,transcoder,0.499489426612854,-2.0,f3e5,-0.042377740144729614,0.4265449047088623,0.3841671645641327,r1bqk1nr/2p2pb1/p2p3p/1p3P1Q/3P2P1/2N1BN2/PPP5/2KR1B2 w - - 0 1
pos_59,59,5,15061,lorsa,1.0584943294525146,-2.0,f3e5,-0.04233720898628235,0.4265449047088623,0.38420769572257996,r1bqk1nr/2p2pb1/p2p3p/1p3P1Q/3P2P1/2N1BN2/PPP5/2KR1B2 w - - 0 1
pos_59,59,5,12487,transcoder,2.8304996490478516,-2.0,f3e5,-0.04206135869026184,0.4265449047088623,0.38448354601860046,r1bqk1nr/2p2pb1/p2p3p/1p3P1Q/3P2P1/2N1BN2/PPP5/2KR1B2 w - - 0 1
pos_39,39,7,10442,transcoder,0.7531685829162598,-2.0,f3e5,-0.04201248288154602,0.4265449047088623,0.3845324218273163,r1bqk1nr/2p2pb1/p2p3p/1p3P1Q/3P2P1/2N1BN2/PPP5/2KR1B2 w - - 0 1
pos_18,18,10,5512,transcoder,0.5710054636001587,-2.0,f3e5,-0.04192471504211426,0.4265449047088623,0.38462018966674805,r1bqk1nr/2p2pb1/p2p3p/1p3P1Q/3P2P1/2N1BN2/PPP5/2KR1B2 w - - 0 1
pos_39,39,7,14452,transcoder,3.499417781829834,-2.0,f3e5,-0.041738152503967285,0.4265449047088623,0.384806752204895,r1bqk1nr/2p2pb1/p2p3p/1p3P1Q/3P2P1/2N1BN2/PPP5/2KR1B2 w - - 0 1
pos_36,36,1,7425,lorsa,0.64013671875,-2.0,f3e5,-0.041709452867507935,0.4265449047088623,0.38483545184135437,r1bqk1nr/2p2pb1/p2p3p/1p3P1Q/3P2P1/2N1BN2/PPP5/2KR1B2 w - - 0 1
pos_63,63,1,5902,lorsa,1.760977864265442,-2.0,f3e5,-0.04165184497833252,0.4265449047088623,0.3848930597305298,r1bqk1nr/2p2pb1/p2p3p/1p3P1Q/3P2P1/2N1BN2/PPP5/2KR1B2 w - - 0 1
pos_36,36,2,15667,transcoder,0.26635974645614624,-2.0,f3e5,-0.041562408208847046,0.4265449047088623,0.38498249650001526,r1bqk1nr/2p2pb1/p2p3p/1p3P1Q/3P2P1/2N1BN2/PPP5/2KR1B2 w - - 0 1
pos_36,36,14,8968,lorsa,0.9133227467536926,-2.0,f3e5,-0.04150879383087158,0.4265449047088623,0.3850361108779907,r1bqk1nr/2p2pb1/p2p3p/1p3P1Q/3P2P1/2N1BN2/PPP5/2KR1B2 w - - 0 1
pos_36,36,8,2195,transcoder,0.42090585827827454,-2.0,f3e5,-0.04144284129142761,0.4265449047088623,0.3851020634174347,r1bqk1nr/2p2pb1/p2p3p/1p3P1Q/3P2P1/2N1BN2/PPP5/2KR1B2 w - - 0 1
pos_60,60,3,1264,lorsa,5.1879987716674805,-2.0,f3e5,-0.04141068458557129,0.4265449047088623,0.385134220123291,r1bqk1nr/2p2pb1/p2p3p/1p3P1Q/3P2P1/2N1BN2/PPP5/2KR1B2 w - - 0 1
pos_18,18,7,2868,lorsa,3.1723361015319824,-2.0,f3e5,-0.04111763834953308,0.4265449047088623,0.3854272663593292,r1bqk1nr/2p2pb1/p2p3p/1p3P1Q/3P2P1/2N1BN2/PPP5/2KR1B2 w - - 0 1
pos_36,36,13,6705,transcoder,0.18148913979530334,-2.0,f3e5,-0.04103595018386841,0.4265449047088623,0.3855089545249939,r1bqk1nr/2p2pb1/p2p3p/1p3P1Q/3P2P1/2N1BN2/PPP5/2KR1B2 w - - 0 1
pos_27,27,2,14055,lorsa,3.287790536880493,-2.0,f3e5,-0.04056549072265625,0.4265449047088623,0.38597941398620605,r1bqk1nr/2p2pb1/p2p3p/1p3P1Q/3P2P1/2N1BN2/PPP5/2KR1B2 w - - 0 1
pos_36,36,9,5162,transcoder,0.35064274072647095,-2.0,f3e5,-0.040538519620895386,0.4265449047088623,0.3860063850879669,r1bqk1nr/2p2pb1/p2p3p/1p3P1Q/3P2P1/2N1BN2/PPP5/2KR1B2 w - - 0 1
pos_52,52,10,6575,transcoder,0.6553995609283447,-2.0,f3e5,-0.04047459363937378,0.4265449047088623,0.3860703110694885,r1bqk1nr/2p2pb1/p2p3p/1p3P1Q/3P2P1/2N1BN2/PPP5/2KR1B2 w - - 0 1
pos_27,27,1,6145,transcoder,0.32217714190483093,-2.0,f3e5,-0.04046720266342163,0.4265449047088623,0.3860777020454407,r1bqk1nr/2p2pb1/p2p3p/1p3P1Q/3P2P1/2N1BN2/PPP5/2KR1B2 w - - 0 1
pos_44,44,1,5572,lorsa,2.5790607929229736,-2.0,f3e5,-0.040257543325424194,0.4265449047088623,0.3862873613834381,r1bqk1nr/2p2pb1/p2p3p/1p3P1Q/3P2P1/2N1BN2/PPP5/2KR1B2 w - - 0 1
pos_36,36,1,4185,transcoder,0.18272526562213898,-2.0,f3e5,-0.0402567982673645,0.4265449047088623,0.3862881064414978,r1bqk1nr/2p2pb1/p2p3p/1p3P1Q/3P2P1/2N1BN2/PPP5/2KR1B2 w - - 0 1
pos_36,36,2,5542,transcoder,0.2800012230873108,-2.0,f3e5,-0.04024660587310791,0.4265449047088623,0.3862982988357544,r1bqk1nr/2p2pb1/p2p3p/1p3P1Q/3P2P1/2N1BN2/PPP5/2KR1B2 w - - 0 1
pos_60,60,5,4691,lorsa,2.293004035949707,-2.0,f3e5,-0.04017731547355652,0.4265449047088623,0.3863675892353058,r1bqk1nr/2p2pb1/p2p3p/1p3P1Q/3P2P1/2N1BN2/PPP5/2KR1B2 w - - 0 1
pos_61,61,4,4743,lorsa,2.1845638751983643,-2.0,f3e5,-0.04012617468833923,0.4265449047088623,0.38641873002052307,r1bqk1nr/2p2pb1/p2p3p/1p3P1Q/3P2P1/2N1BN2/PPP5/2KR1B2 w - - 0 1
pos_45,45,4,805,transcoder,0.7300322651863098,-2.0,f3e5,-0.04004991054534912,0.4265449047088623,0.3864949941635132,r1bqk1nr/2p2pb1/p2p3p/1p3P1Q/3P2P1/2N1BN2/PPP5/2KR1B2 w - - 0 1
pos_36,36,8,1492,lorsa,2.96148419380188,-2.0,f3e5,-0.039973825216293335,0.4265449047088623,0.38657107949256897,r1bqk1nr/2p2pb1/p2p3p/1p3P1Q/3P2P1/2N1BN2/PPP5/2KR1B2 w - - 0 1
pos_47,47,1,12275,lorsa,1.992720127105713,-2.0,f3e5,-0.039747804403305054,0.4265449047088623,0.38679710030555725,r1bqk1nr/2p2pb1/p2p3p/1p3P1Q/3P2P1/2N1BN2/PPP5/2KR1B2 w - - 0 1
pos_36,36,12,11652,lorsa,2.5469629764556885,-2.0,f3e5,-0.03972867131233215,0.4265449047088623,0.38681623339653015,r1bqk1nr/2p2pb1/p2p3p/1p3P1Q/3P2P1/2N1BN2/PPP5/2KR1B2 w - - 0 1
pos_0,0,9,11430,transcoder,13.911474227905273,-2.0,f3e5,-0.03966397047042847,0.4265449047088623,0.38688093423843384,r1bqk1nr/2p2pb1/p2p3p/1p3P1Q/3P2P1/2N1BN2/PPP5/2KR1B2 w - - 0 1
pos_38,38,2,835,lorsa,3.5047080516815186,-2.0,f3e5,-0.039613574743270874,0.4265449047088623,0.38693132996559143,r1bqk1nr/2p2pb1/p2p3p/1p3P1Q/3P2P1/2N1BN2/PPP5/2KR1B2 w - - 0 1
pos_57,57,12,11982,transcoder,0.7521829009056091,-2.0,f3e5,-0.03954079747200012,0.4265449047088623,0.3870041072368622,r1bqk1nr/2p2pb1/p2p3p/1p3P1Q/3P2P1/2N1BN2/PPP5/2KR1B2 w - - 0 1
pos_59,59,7,6370,lorsa,2.355545997619629,-2.0,f3e5,-0.039464086294174194,0.4265449047088623,0.3870808184146881,r1bqk1nr/2p2pb1/p2p3p/1p3P1Q/3P2P1/2N1BN2/PPP5/2KR1B2 w - - 0 1
pos_45,45,7,15440,transcoder,0.7087522149085999,-2.0,f3e5,-0.03940176963806152,0.4265449047088623,0.3871431350708008,r1bqk1nr/2p2pb1/p2p3p/1p3P1Q/3P2P1/2N1BN2/PPP5/2KR1B2 w - - 0 1
pos_36,36,6,3634,lorsa,3.72269344329834,-2.0,f3e5,-0.039363741874694824,0.4265449047088623,0.3871811628341675,r1bqk1nr/2p2pb1/p2p3p/1p3P1Q/3P2P1/2N1BN2/PPP5/2KR1B2 w - - 0 1
pos_45,45,1,8213,lorsa,1.7723816633224487,-2.0,f3e5,-0.03931984305381775,0.4265449047088623,0.38722506165504456,r1bqk1nr/2p2pb1/p2p3p/1p3P1Q/3P2P1/2N1BN2/PPP5/2KR1B2 w - - 0 1
pos_36,36,7,2492,lorsa,1.8267388343811035,-2.0,f3e5,-0.03926640748977661,0.4265449047088623,0.3872784972190857,r1bqk1nr/2p2pb1/p2p3p/1p3P1Q/3P2P1/2N1BN2/PPP5/2KR1B2 w - - 0 1
pos_46,46,8,5077,lorsa,4.392093658447266,-2.0,f3e5,-0.03924351930618286,0.4265449047088623,0.38730138540267944,r1bqk1nr/2p2pb1/p2p3p/1p3P1Q/3P2P1/2N1BN2/PPP5/2KR1B2 w - - 0 1
pos_27,27,0,1858,transcoder,0.13156788051128387,-2.0,f3e5,-0.03905341029167175,0.4265449047088623,0.38749149441719055,r1bqk1nr/2p2pb1/p2p3p/1p3P1Q/3P2P1/2N1BN2/PPP5/2KR1B2 w - - 0 1
pos_36,36,0,2635,lorsa,1.2102428674697876,-2.0,f3e5,-0.03899484872817993,0.4265449047088623,0.3875500559806824,r1bqk1nr/2p2pb1/p2p3p/1p3P1Q/3P2P1/2N1BN2/PPP5/2KR1B2 w - - 0 1
pos_5,5,0,10079,lorsa,3.3104937076568604,-2.0,f3e5,-0.03892761468887329,0.4265449047088623,0.387617290019989,r1bqk1nr/2p2pb1/p2p3p/1p3P1Q/3P2P1/2N1BN2/PPP5/2KR1B2 w - - 0 1
pos_43,43,4,16362,transcoder,0.41338375210762024,-2.0,f3e5,-0.038798123598098755,0.4265449047088623,0.38774678111076355,r1bqk1nr/2p2pb1/p2p3p/1p3P1Q/3P2P1/2N1BN2/PPP5/2KR1B2 w - - 0 1
pos_36,36,7,69,transcoder,0.8792385458946228,-2.0,f3e5,-0.03864511847496033,0.4265449047088623,0.387899786233902,r1bqk1nr/2p2pb1/p2p3p/1p3P1Q/3P2P1/2N1BN2/PPP5/2KR1B2 w - - 0 1
pos_52,52,12,13529,lorsa,1.9571092128753662,-2.0,f3e5,-0.03858768939971924,0.4265449047088623,0.38795721530914307,r1bqk1nr/2p2pb1/p2p3p/1p3P1Q/3P2P1/2N1BN2/PPP5/2KR1B2 w - - 0 1
pos_35,35,10,9278,transcoder,6.165747165679932,-2.0,f3e5,-0.038580358028411865,0.4265449047088623,0.38796454668045044,r1bqk1nr/2p2pb1/p2p3p/1p3P1Q/3P2P1/2N1BN2/PPP5/2KR1B2 w - - 0 1
pos_4,4,10,9278,transcoder,5.470592021942139,-2.0,f3e5,-0.03856658935546875,0.4265449047088623,0.38797831535339355,r1bqk1nr/2p2pb1/p2p3p/1p3P1Q/3P2P1/2N1BN2/PPP5/2KR1B2 w - - 0 1
pos_9,9,0,12663,transcoder,1.3602796792984009,-2.0,f3e5,-0.03843006491661072,0.4265449047088623,0.3881148397922516,r1bqk1nr/2p2pb1/p2p3p/1p3P1Q/3P2P1/2N1BN2/PPP5/2KR1B2 w - - 0 1
pos_60,60,0,13116,transcoder,0.5529286861419678,-2.0,f3e5,-0.03827604651451111,0.4265449047088623,0.3882688581943512,r1bqk1nr/2p2pb1/p2p3p/1p3P1Q/3P2P1/2N1BN2/PPP5/2KR1B2 w - - 0 1
pos_57,57,0,8470,transcoder,0.4338305592536926,-2.0,f3e5,-0.038229525089263916,0.4265449047088623,0.3883153796195984,r1bqk1nr/2p2pb1/p2p3p/1p3P1Q/3P2P1/2N1BN2/PPP5/2KR1B2 w - - 0 1
pos_56,56,10,9278,transcoder,6.609381198883057,-2.0,f3e5,-0.03821498155593872,0.4265449047088623,0.3883299231529236,r1bqk1nr/2p2pb1/p2p3p/1p3P1Q/3P2P1/2N1BN2/PPP5/2KR1B2 w - - 0 1
pos_36,36,11,2240,transcoder,0.3820026218891144,-2.0,f3e5,-0.037918031215667725,0.4265449047088623,0.3886268734931946,r1bqk1nr/2p2pb1/p2p3p/1p3P1Q/3P2P1/2N1BN2/PPP5/2KR1B2 w - - 0 1
pos_7,7,14,6541,lorsa,1.711766004562378,-2.0,f3e5,-0.037895381450653076,0.4265449047088623,0.38864952325820923,r1bqk1nr/2p2pb1/p2p3p/1p3P1Q/3P2P1/2N1BN2/PPP5/2KR1B2 w - - 0 1
pos_63,63,1,7261,lorsa,2.394057512283325,-2.0,f3e5,-0.037697941064834595,0.4265449047088623,0.3888469636440277,r1bqk1nr/2p2pb1/p2p3p/1p3P1Q/3P2P1/2N1BN2/PPP5/2KR1B2 w - - 0 1
pos_45,45,0,11382,transcoder,0.5477586984634399,-2.0,f3e5,-0.037649065256118774,0.4265449047088623,0.38889583945274353,r1bqk1nr/2p2pb1/p2p3p/1p3P1Q/3P2P1/2N1BN2/PPP5/2KR1B2 w - - 0 1
pos_34,34,4,14387,transcoder,0.8890300393104553,-2.0,f3e5,-0.037642717361450195,0.4265449047088623,0.3889021873474121,r1bqk1nr/2p2pb1/p2p3p/1p3P1Q/3P2P1/2N1BN2/PPP5/2KR1B2 w - - 0 1
pos_19,19,0,7213,lorsa,5.16655158996582,-2.0,f3e5,-0.03761354088783264,0.4265449047088623,0.38893136382102966,r1bqk1nr/2p2pb1/p2p3p/1p3P1Q/3P2P1/2N1BN2/PPP5/2KR1B2 w - - 0 1
pos_49,49,10,9278,transcoder,7.553187847137451,-2.0,f3e5,-0.03749966621398926,0.4265449047088623,0.38904523849487305,r1bqk1nr/2p2pb1/p2p3p/1p3P1Q/3P2P1/2N1BN2/PPP5/2KR1B2 w - - 0 1
pos_14,14,13,7277,lorsa,4.959795951843262,-2.0,f3e5,-0.03738868236541748,0.4265449047088623,0.3891562223434448,r1bqk1nr/2p2pb1/p2p3p/1p3P1Q/3P2P1/2N1BN2/PPP5/2KR1B2 w - - 0 1
pos_2,2,6,7291,transcoder,2.699004888534546,-2.0,f3e5,-0.037357479333877563,0.4265449047088623,0.38918742537498474,r1bqk1nr/2p2pb1/p2p3p/1p3P1Q/3P2P1/2N1BN2/PPP5/2KR1B2 w - - 0 1
pos_45,45,4,895,lorsa,1.8530043363571167,-2.0,f3e5,-0.03726989030838013,0.4265449047088623,0.3892750144004822,r1bqk1nr/2p2pb1/p2p3p/1p3P1Q/3P2P1/2N1BN2/PPP5/2KR1B2 w - - 0 1
pos_35,35,8,15741,transcoder,0.5565544962882996,-2.0,f3e5,-0.03714394569396973,0.4265449047088623,0.3894009590148926,r1bqk1nr/2p2pb1/p2p3p/1p3P1Q/3P2P1/2N1BN2/PPP5/2KR1B2 w - - 0 1
pos_43,43,8,5077,lorsa,4.179364204406738,-2.0,f3e5,-0.03684738278388977,0.4265449047088623,0.38969752192497253,r1bqk1nr/2p2pb1/p2p3p/1p3P1Q/3P2P1/2N1BN2/PPP5/2KR1B2 w - - 0 1
pos_36,36,3,13719,lorsa,2.6054978370666504,-2.0,f3e5,-0.036839574575424194,0.4265449047088623,0.3897053301334381,r1bqk1nr/2p2pb1/p2p3p/1p3P1Q/3P2P1/2N1BN2/PPP5/2KR1B2 w - - 0 1
pos_43,43,0,5043,transcoder,0.28896480798721313,-2.0,f3e5,-0.03682053089141846,0.4265449047088623,0.38972437381744385,r1bqk1nr/2p2pb1/p2p3p/1p3P1Q/3P2P1/2N1BN2/PPP5/2KR1B2 w - - 0 1
pos_36,36,0,14762,lorsa,1.2332570552825928,-2.0,f3e5,-0.03681725263595581,0.4265449047088623,0.3897276520729065,r1bqk1nr/2p2pb1/p2p3p/1p3P1Q/3P2P1/2N1BN2/PPP5/2KR1B2 w - - 0 1
pos_39,39,6,15671,transcoder,4.099458694458008,-2.0,f3e5,-0.03674730658531189,0.4265449047088623,0.3897975981235504,r1bqk1nr/2p2pb1/p2p3p/1p3P1Q/3P2P1/2N1BN2/PPP5/2KR1B2 w - - 0 1
pos_3,3,2,1,transcoder,0.9149532318115234,-2.0,f3e5,-0.036674320697784424,0.4265449047088623,0.3898705840110779,r1bqk1nr/2p2pb1/p2p3p/1p3P1Q/3P2P1/2N1BN2/PPP5/2KR1B2 w - - 0 1
pos_62,62,0,3034,lorsa,1.5723856687545776,-2.0,f3e5,-0.036672115325927734,0.4265449047088623,0.38987278938293457,r1bqk1nr/2p2pb1/p2p3p/1p3P1Q/3P2P1/2N1BN2/PPP5/2KR1B2 w - - 0 1
pos_45,45,7,11217,lorsa,2.0944316387176514,-2.0,f3e5,-0.03665599226951599,0.4265449047088623,0.3898889124393463,r1bqk1nr/2p2pb1/p2p3p/1p3P1Q/3P2P1/2N1BN2/PPP5/2KR1B2 w - - 0 1
pos_14,14,14,7558,lorsa,1.3172794580459595,-2.0,f3e5,-0.036505162715911865,0.4265449047088623,0.39003974199295044,r1bqk1nr/2p2pb1/p2p3p/1p3P1Q/3P2P1/2N1BN2/PPP5/2KR1B2 w - - 0 1
pos_42,42,11,4503,lorsa,3.0655462741851807,-2.0,f3e5,-0.0364437997341156,0.4265449047088623,0.3901011049747467,r1bqk1nr/2p2pb1/p2p3p/1p3P1Q/3P2P1/2N1BN2/PPP5/2KR1B2 w - - 0 1
pos_60,60,7,3804,transcoder,1.427456021308899,-2.0,f3e5,-0.03638145327568054,0.4265449047088623,0.39016345143318176,r1bqk1nr/2p2pb1/p2p3p/1p3P1Q/3P2P1/2N1BN2/PPP5/2KR1B2 w - - 0 1
pos_35,35,10,3129,transcoder,0.6713854074478149,-2.0,f3e5,-0.03632202744483948,0.4265449047088623,0.3902228772640228,r1bqk1nr/2p2pb1/p2p3p/1p3P1Q/3P2P1/2N1BN2/PPP5/2KR1B2 w - - 0 1
pos_27,27,1,10331,lorsa,1.7965729236602783,-2.0,f3e5,-0.03605544567108154,0.4265449047088623,0.39048945903778076,r1bqk1nr/2p2pb1/p2p3p/1p3P1Q/3P2P1/2N1BN2/PPP5/2KR1B2 w - - 0 1
pos_27,27,4,6509,lorsa,0.8708707094192505,-2.0,f3e5,-0.03599882125854492,0.4265449047088623,0.3905460834503174,r1bqk1nr/2p2pb1/p2p3p/1p3P1Q/3P2P1/2N1BN2/PPP5/2KR1B2 w - - 0 1
pos_63,63,1,12691,transcoder,0.6586669087409973,-2.0,f3e5,-0.03574809432029724,0.4265449047088623,0.39079681038856506,r1bqk1nr/2p2pb1/p2p3p/1p3P1Q/3P2P1/2N1BN2/PPP5/2KR1B2 w - - 0 1
