source_layer,source_pos,source_feature,source_type,target_layer,target_pos,target_feature,target_type,original_activation,modified_activation,activation_change,steering_scale,reduction_ratio,target_node_str,steering_nodes_count
0,5,10273,lorsa,0,5,13486,transcoder,1.9582043886184692,0.6591346859931946,-1.2990697026252747,0.0,-0.6633984226446249,"Node(id=1_13486_5, type=transcoder, layer=0, feature=13486, pos=5)",1
0,5,10273,lorsa,13,51,3932,transcoder,0.40207821130752563,0.31621894240379333,-0.0858592689037323,0.0,-0.21353872577309013,"Node(id=27_3932_51, type=transcoder, layer=13, feature=3932, pos=51)",1
0,9,7465,lorsa,0,9,12663,transcoder,1.3848077058792114,0.3466142416000366,-1.0381934642791748,0.0,-0.749702258206332,"Node(id=1_12663_9, type=transcoder, layer=0, feature=12663, pos=9)",1
0,9,7465,lorsa,13,51,3932,transcoder,0.40207821130752563,0.0,-0.40207821130752563,0.0,-1.0,"Node(id=27_3932_51, type=transcoder, layer=13, feature=3932, pos=51)",1
0,9,7465,lorsa,13,55,14142,transcoder,0.6139975786209106,0.4882093369960785,-0.12578824162483215,0.0,-0.20486765095615353,"Node(id=27_14142_55, type=transcoder, layer=13, feature=14142, pos=55)",1
0,9,7465,lorsa,14,55,9044,lorsa,3.8024330139160156,2.032245635986328,-1.7701873779296875,0.0,-0.4655407133935603,"Node(id=28_9044_55, type=lorsa, layer=14, feature=9044, pos=55)",1
0,9,7465,lorsa,14,51,11169,transcoder,0.6642193794250488,0.4628710448741913,-0.20134833455085754,0.0,-0.30313529051974597,"Node(id=29_11169_51, type=transcoder, layer=14, feature=11169, pos=51)",1
0,9,7465,lorsa,14,55,8439,transcoder,1.9621776342391968,1.2716625928878784,-0.6905150413513184,0.0,-0.3519126042933695,"Node(id=29_8439_55, type=transcoder, layer=14, feature=8439, pos=55)",1
0,10,7465,lorsa,0,10,12663,transcoder,1.3235399723052979,0.34128284454345703,-0.9822571277618408,0.0,-0.7421439082425128,"Node(id=1_12663_10, type=transcoder, layer=0, feature=12663, pos=10)",1
0,10,7465,lorsa,13,51,3932,transcoder,0.40207821130752563,0.0,-0.40207821130752563,0.0,-1.0,"Node(id=27_3932_51, type=transcoder, layer=13, feature=3932, pos=51)",1
0,10,7465,lorsa,13,55,14142,transcoder,0.6139975786209106,0.4587971866130829,-0.15520039200782776,0.0,-0.252770364919713,"Node(id=27_14142_55, type=transcoder, layer=13, feature=14142, pos=55)",1
0,10,7465,lorsa,14,55,9044,lorsa,3.8024330139160156,1.6936302185058594,-2.1088027954101562,0.0,-0.5545930165482025,"Node(id=28_9044_55, type=lorsa, layer=14, feature=9044, pos=55)",1
0,10,7465,lorsa,14,51,11169,transcoder,0.6642193794250488,0.46472448110580444,-0.19949489831924438,0.0,-0.30034489281527443,"Node(id=29_11169_51, type=transcoder, layer=14, feature=11169, pos=51)",1
0,10,7465,lorsa,14,55,8439,transcoder,1.9621776342391968,1.0252666473388672,-0.9369109869003296,0.0,-0.47748530538296646,"Node(id=29_8439_55, type=transcoder, layer=14, feature=8439, pos=55)",1
0,14,7465,lorsa,0,14,12663,transcoder,1.357285976409912,0.38840216398239136,-0.9688838124275208,0.0,-0.7138391092717733,"Node(id=1_12663_14, type=transcoder, layer=0, feature=12663, pos=14)",1
0,14,7465,lorsa,3,6,1991,transcoder,2.446690320968628,1.907048225402832,-0.5396420955657959,0.0,-0.22056003203223337,"Node(id=7_1991_6, type=transcoder, layer=3, feature=1991, pos=6)",1
0,14,7465,lorsa,8,14,912,transcoder,0.7022373080253601,0.5594098567962646,-0.14282745122909546,0.0,-0.20338915292141882,"Node(id=17_912_14, type=transcoder, layer=8, feature=912, pos=14)",1
0,14,7465,lorsa,9,14,13080,lorsa,4.417771816253662,3.4635496139526367,-0.9542222023010254,0.0,-0.21599626281970813,"Node(id=18_13080_14, type=lorsa, layer=9, feature=13080, pos=14)",1
0,14,7465,lorsa,11,51,9849,transcoder,0.687792956829071,0.448079913854599,-0.23971304297447205,0.0,-0.34852500391923186,"Node(id=23_9849_51, type=transcoder, layer=11, feature=9849, pos=51)",1
0,14,7465,lorsa,12,54,9881,lorsa,2.963268280029297,2.2488083839416504,-0.7144598960876465,0.0,-0.2411053703448622,"Node(id=24_9881_54, type=lorsa, layer=12, feature=9881, pos=54)",1
0,14,7465,lorsa,13,51,5681,lorsa,1.9713155031204224,1.0768382549285889,-0.8944772481918335,0.0,-0.45374636722328476,"Node(id=26_5681_51, type=lorsa, layer=13, feature=5681, pos=51)",1
0,14,7465,lorsa,13,14,12356,transcoder,2.3949244022369385,1.4128594398498535,-0.982064962387085,0.0,-0.4100609444998781,"Node(id=27_12356_14, type=transcoder, layer=13, feature=12356, pos=14)",1
0,14,7465,lorsa,13,14,14792,transcoder,0.9941571950912476,0.0,-0.9941571950912476,0.0,-1.0,"Node(id=27_14792_14, type=transcoder, layer=13, feature=14792, pos=14)",1
0,14,7465,lorsa,13,51,3932,transcoder,0.40207821130752563,0.0,-0.40207821130752563,0.0,-1.0,"Node(id=27_3932_51, type=transcoder, layer=13, feature=3932, pos=51)",1
0,14,7465,lorsa,13,56,2268,transcoder,0.6461610198020935,0.5073613524436951,-0.13879966735839844,0.0,-0.21480662420786395,"Node(id=27_2268_56, type=transcoder, layer=13, feature=2268, pos=56)",1
0,14,7465,lorsa,14,51,7349,lorsa,2.629939079284668,1.544333815574646,-1.085605263710022,0.0,-0.41278722851835103,"Node(id=28_7349_51, type=lorsa, layer=14, feature=7349, pos=51)",1
0,14,7465,lorsa,14,55,9044,lorsa,3.8024330139160156,1.0711872577667236,-2.731245756149292,0.0,-0.7182889865918929,"Node(id=28_9044_55, type=lorsa, layer=14, feature=9044, pos=55)",1
0,14,7465,lorsa,14,51,11169,transcoder,0.6642193794250488,0.0,-0.6642193794250488,0.0,-1.0,"Node(id=29_11169_51, type=transcoder, layer=14, feature=11169, pos=51)",1
0,14,7465,lorsa,14,55,8439,transcoder,1.9621776342391968,0.8190421462059021,-1.1431354880332947,0.0,-0.5825851177212746,"Node(id=29_8439_55, type=transcoder, layer=14, feature=8439, pos=55)",1
0,24,7465,lorsa,0,24,12663,transcoder,1.1877341270446777,0.29125717282295227,-0.8964769542217255,0.0,-0.7547791494821666,"Node(id=1_12663_24, type=transcoder, layer=0, feature=12663, pos=24)",1
0,24,7465,lorsa,13,51,3932,transcoder,0.40207821130752563,0.24719978868961334,-0.1548784226179123,0.0,-0.38519476624774135,"Node(id=27_3932_51, type=transcoder, layer=13, feature=3932, pos=51)",1
0,24,7465,lorsa,14,55,9044,lorsa,3.8024330139160156,2.655644416809082,-1.1467885971069336,0.0,-0.3015933726932087,"Node(id=28_9044_55, type=lorsa, layer=14, feature=9044, pos=55)",1
0,24,7465,lorsa,14,55,8439,transcoder,1.9621776342391968,1.5210349559783936,-0.4411426782608032,0.0,-0.22482300815331088,"Node(id=29_8439_55, type=transcoder, layer=14, feature=8439, pos=55)",1
0,45,7465,lorsa,0,45,12663,transcoder,1.3661699295043945,0.4897906482219696,-0.8763792812824249,0.0,-0.6414862912407603,"Node(id=1_12663_45, type=transcoder, layer=0, feature=12663, pos=45)",1
0,45,7465,lorsa,1,45,417,lorsa,4.593832015991211,2.786386251449585,-1.807445764541626,0.0,-0.39345055680091806,"Node(id=2_417_45, type=lorsa, layer=1, feature=417, pos=45)",1
0,45,7465,lorsa,1,54,11614,lorsa,2.873215436935425,1.6530561447143555,-1.2201592922210693,0.0,-0.4246668302473318,"Node(id=2_11614_54, type=lorsa, layer=1, feature=11614, pos=54)",1
0,45,7465,lorsa,1,54,11175,transcoder,1.3649195432662964,0.8754665851593018,-0.48945295810699463,0.0,-0.358594732210895,"Node(id=3_11175_54, type=transcoder, layer=1, feature=11175, pos=54)",1
0,45,7465,lorsa,2,54,715,transcoder,0.9930531978607178,0.562788188457489,-0.43026500940322876,0.0,-0.43327488429635597,"Node(id=5_715_54, type=transcoder, layer=2, feature=715, pos=54)",1
0,45,7465,lorsa,6,54,11408,transcoder,0.8126611113548279,0.0,-0.8126611113548279,0.0,-1.0,"Node(id=13_11408_54, type=transcoder, layer=6, feature=11408, pos=54)",1
0,45,7465,lorsa,8,14,912,transcoder,0.7022373080253601,0.43160122632980347,-0.27063608169555664,0.0,-0.38539120408820987,"Node(id=17_912_14, type=transcoder, layer=8, feature=912, pos=14)",1
0,45,7465,lorsa,9,14,13080,lorsa,4.417771816253662,2.6481196880340576,-1.7696521282196045,0.0,-0.40057572048171025,"Node(id=18_13080_14, type=lorsa, layer=9, feature=13080, pos=14)",1
0,45,7465,lorsa,9,54,12243,lorsa,2.3094804286956787,1.182252049446106,-1.1272283792495728,0.0,-0.4880874352705364,"Node(id=18_12243_54, type=lorsa, layer=9, feature=12243, pos=54)",1
0,45,7465,lorsa,9,54,13348,transcoder,0.5763208270072937,0.403848260641098,-0.17247256636619568,0.0,-0.299264850902244,"Node(id=19_13348_54, type=transcoder, layer=9, feature=13348, pos=54)",1
0,45,7465,lorsa,10,51,12950,transcoder,0.8460464477539062,0.6124023795127869,-0.23364406824111938,0.0,-0.276159859616928,"Node(id=21_12950_51, type=transcoder, layer=10, feature=12950, pos=51)",1
0,45,7465,lorsa,11,51,9680,transcoder,1.042241096496582,0.581829845905304,-0.4604112505912781,0.0,-0.4417511957059812,"Node(id=23_9680_51, type=transcoder, layer=11, feature=9680, pos=51)",1
0,45,7465,lorsa,11,51,9849,transcoder,0.687792956829071,0.4649392068386078,-0.22285374999046326,0.0,-0.3240128410414159,"Node(id=23_9849_51, type=transcoder, layer=11, feature=9849, pos=51)",1
0,45,7465,lorsa,11,54,10708,transcoder,0.9755883812904358,0.0,-0.9755883812904358,0.0,-1.0,"Node(id=23_10708_54, type=transcoder, layer=11, feature=10708, pos=54)",1
0,45,7465,lorsa,12,54,9881,lorsa,2.963268280029297,0.0,-2.963268280029297,0.0,-1.0,"Node(id=24_9881_54, type=lorsa, layer=12, feature=9881, pos=54)",1
0,45,7465,lorsa,12,51,8628,transcoder,0.8337218761444092,0.5114241242408752,-0.32229775190353394,0.0,-0.3865770601990401,"Node(id=25_8628_51, type=transcoder, layer=12, feature=8628, pos=51)",1
0,45,7465,lorsa,13,51,5681,lorsa,1.9713155031204224,0.0,-1.9713155031204224,0.0,-1.0,"Node(id=26_5681_51, type=lorsa, layer=13, feature=5681, pos=51)",1
0,45,7465,lorsa,13,14,12356,transcoder,2.3949244022369385,0.698778510093689,-1.6961458921432495,0.0,-0.7082252327292641,"Node(id=27_12356_14, type=transcoder, layer=13, feature=12356, pos=14)",1
0,45,7465,lorsa,13,14,14792,transcoder,0.9941571950912476,0.0,-0.9941571950912476,0.0,-1.0,"Node(id=27_14792_14, type=transcoder, layer=13, feature=14792, pos=14)",1
0,45,7465,lorsa,13,51,3932,transcoder,0.40207821130752563,0.0,-0.40207821130752563,0.0,-1.0,"Node(id=27_3932_51, type=transcoder, layer=13, feature=3932, pos=51)",1
0,45,7465,lorsa,13,51,13122,transcoder,0.9594287276268005,0.637477695941925,-0.3219510316848755,0.0,-0.33556534468301674,"Node(id=27_13122_51, type=transcoder, layer=13, feature=13122, pos=51)",1
0,45,7465,lorsa,13,55,9300,transcoder,0.6302089691162109,0.33355870842933655,-0.2966502606868744,0.0,-0.4707172941427495,"Node(id=27_9300_55, type=transcoder, layer=13, feature=9300, pos=55)",1
0,45,7465,lorsa,13,55,14142,transcoder,0.6139975786209106,0.0,-0.6139975786209106,0.0,-1.0,"Node(id=27_14142_55, type=transcoder, layer=13, feature=14142, pos=55)",1
0,45,7465,lorsa,14,51,7349,lorsa,2.629939079284668,0.961818277835846,-1.668120801448822,0.0,-0.6342811567720966,"Node(id=28_7349_51, type=lorsa, layer=14, feature=7349, pos=51)",1
0,45,7465,lorsa,14,55,9044,lorsa,3.8024330139160156,0.0,-3.8024330139160156,0.0,-1.0,"Node(id=28_9044_55, type=lorsa, layer=14, feature=9044, pos=55)",1
0,45,7465,lorsa,14,51,138,transcoder,4.929553031921387,3.204916477203369,-1.7246365547180176,0.0,-0.34985657797981085,"Node(id=29_138_51, type=transcoder, layer=14, feature=138, pos=51)",1
0,45,7465,lorsa,14,51,11103,transcoder,1.2022953033447266,0.4262675642967224,-0.7760277390480042,0.0,-0.6454551863332852,"Node(id=29_11103_51, type=transcoder, layer=14, feature=11103, pos=51)",1
0,45,7465,lorsa,14,51,11169,transcoder,0.6642193794250488,0.0,-0.6642193794250488,0.0,-1.0,"Node(id=29_11169_51, type=transcoder, layer=14, feature=11169, pos=51)",1
0,45,7465,lorsa,14,55,8439,transcoder,1.9621776342391968,0.3534303605556488,-1.608747273683548,0.0,-0.8198785092702956,"Node(id=29_8439_55, type=transcoder, layer=14, feature=8439, pos=55)",1
0,55,1338,lorsa,14,51,11169,transcoder,0.6642193794250488,0.4533262848854065,-0.21089309453964233,0.0,-0.3175051813787672,"Node(id=29_11169_51, type=transcoder, layer=14, feature=11169, pos=51)",1
0,55,1361,lorsa,0,55,15355,transcoder,0.8304827809333801,0.5263638496398926,-0.30411893129348755,0.0,-0.36619534838722134,"Node(id=1_15355_55, type=transcoder, layer=0, feature=15355, pos=55)",1
0,55,1361,lorsa,1,55,4857,transcoder,0.4845144748687744,0.3531295955181122,-0.13138487935066223,0.0,-0.2711681201810254,"Node(id=3_4857_55, type=transcoder, layer=1, feature=4857, pos=55)",1
0,55,1361,lorsa,1,55,10736,transcoder,0.5947915315628052,0.3919532597064972,-0.20283827185630798,0.0,-0.34102414222904903,"Node(id=3_10736_55, type=transcoder, layer=1, feature=10736, pos=55)",1
0,55,1361,lorsa,3,55,15371,transcoder,0.6983613967895508,0.43535473942756653,-0.26300665736198425,0.0,-0.3766053773462518,"Node(id=7_15371_55, type=transcoder, layer=3, feature=15371, pos=55)",1
0,55,1361,lorsa,13,51,3932,transcoder,0.40207821130752563,0.32044994831085205,-0.08162826299667358,0.0,-0.20301588273392163,"Node(id=27_3932_51, type=transcoder, layer=13, feature=3932, pos=51)",1
0,55,1361,lorsa,14,51,11169,transcoder,0.6642193794250488,0.2884887158870697,-0.3757306635379791,0.0,-0.5656725400924213,"Node(id=29_11169_51, type=transcoder, layer=14, feature=11169, pos=51)",1
0,55,9428,lorsa,3,55,15371,transcoder,0.6983613967895508,0.5353993773460388,-0.16296201944351196,0.0,-0.2333491229507637,"Node(id=7_15371_55, type=transcoder, layer=3, feature=15371, pos=55)",1
0,55,9428,lorsa,14,51,11169,transcoder,0.6642193794250488,0.46778228878974915,-0.19643709063529968,0.0,-0.2957412817514245,"Node(id=29_11169_51, type=transcoder, layer=14, feature=11169, pos=51)",1
0,55,12046,lorsa,0,55,11076,transcoder,1.237419605255127,0.9205142855644226,-0.31690531969070435,0.0,-0.2561017445859571,"Node(id=1_11076_55, type=transcoder, layer=0, feature=11076, pos=55)",1
0,55,12046,lorsa,1,55,4857,transcoder,0.4845144748687744,0.3678207993507385,-0.11669367551803589,0.0,-0.2408466239313926,"Node(id=3_4857_55, type=transcoder, layer=1, feature=4857, pos=55)",1
0,55,12046,lorsa,1,55,8511,transcoder,0.6230177879333496,0.32680076360702515,-0.29621702432632446,0.0,-0.4754551636622191,"Node(id=3_8511_55, type=transcoder, layer=1, feature=8511, pos=55)",1
0,55,12046,lorsa,14,51,11169,transcoder,0.6642193794250488,0.4829539656639099,-0.18126541376113892,0.0,-0.2728999173707383,"Node(id=29_11169_51, type=transcoder, layer=14, feature=11169, pos=51)",1
0,56,4757,lorsa,0,56,14339,transcoder,0.9878732562065125,0.3678021728992462,-0.6200710833072662,0.0,-0.6276828321968886,"Node(id=1_14339_56, type=transcoder, layer=0, feature=14339, pos=56)",1
0,56,4757,lorsa,1,56,2693,transcoder,3.9147512912750244,1.123442530632019,-2.7913087606430054,0.0,-0.713023268391051,"Node(id=3_2693_56, type=transcoder, layer=1, feature=2693, pos=56)",1
0,56,4757,lorsa,1,56,4856,transcoder,2.6325509548187256,1.2997609376907349,-1.3327900171279907,0.0,-0.5062732080032104,"Node(id=3_4856_56, type=transcoder, layer=1, feature=4856, pos=56)",1
0,56,4757,lorsa,2,56,7272,transcoder,1.4503072500228882,0.8005809187889099,-0.6497263312339783,0.0,-0.4479921969801396,"Node(id=5_7272_56, type=transcoder, layer=2, feature=7272, pos=56)",1
0,56,4757,lorsa,5,56,1007,transcoder,1.8848531246185303,1.1442348957061768,-0.7406182289123535,0.0,-0.3929315336240032,"Node(id=11_1007_56, type=transcoder, layer=5, feature=1007, pos=56)",1
0,56,4757,lorsa,10,56,11708,transcoder,2.9663991928100586,1.451129674911499,-1.5152695178985596,0.0,-0.510811060618969,"Node(id=21_11708_56, type=transcoder, layer=10, feature=11708, pos=56)",1
0,56,4757,lorsa,11,56,7586,transcoder,2.6750638484954834,0.8262588977813721,-1.8488049507141113,0.0,-0.6911255414534951,"Node(id=23_7586_56, type=transcoder, layer=11, feature=7586, pos=56)",1
0,56,4757,lorsa,13,56,2268,transcoder,0.6461610198020935,0.4701438844203949,-0.1760171353816986,0.0,-0.27240444716954487,"Node(id=27_2268_56, type=transcoder, layer=13, feature=2268, pos=56)",1
0,56,4757,lorsa,13,56,12356,transcoder,1.2258914709091187,0.5314828753471375,-0.6944085955619812,0.0,-0.5664519348087227,"Node(id=27_12356_56, type=transcoder, layer=13, feature=12356, pos=56)",1
0,56,4757,lorsa,13,56,13473,transcoder,1.8784750699996948,1.210038185119629,-0.6684368848800659,0.0,-0.35584016820631775,"Node(id=27_13473_56, type=transcoder, layer=13, feature=13473, pos=56)",1
0,57,4757,lorsa,0,57,14339,transcoder,0.8572085499763489,0.31383323669433594,-0.5433753132820129,0.0,-0.6338892831820274,"Node(id=1_14339_57, type=transcoder, layer=0, feature=14339, pos=57)",1
0,57,4757,lorsa,1,57,4856,transcoder,1.772837519645691,0.5868291854858398,-1.186008334159851,0.0,-0.6689887375560959,"Node(id=3_4856_57, type=transcoder, layer=1, feature=4856, pos=57)",1
0,3,13486,transcoder,4,55,9090,lorsa,4.7906646728515625,3.747743606567383,-1.0429210662841797,0.0,-0.21769861543312705,"Node(id=8_9090_55, type=lorsa, layer=4, feature=9090, pos=55)",1
0,3,13486,transcoder,4,3,8453,transcoder,1.0748623609542847,0.0,-1.0748623609542847,0.0,-1.0,"Node(id=9_8453_3, type=transcoder, layer=4, feature=8453, pos=3)",1
0,3,13486,transcoder,7,3,11946,transcoder,3.5578043460845947,0.0,-3.5578043460845947,0.0,-1.0,"Node(id=15_11946_3, type=transcoder, layer=7, feature=11946, pos=3)",1
0,3,13486,transcoder,8,62,3162,transcoder,3.005798101425171,2.361119031906128,-0.644679069519043,0.0,-0.21447850047326014,"Node(id=17_3162_62, type=transcoder, layer=8, feature=3162, pos=62)",1
0,3,13486,transcoder,9,14,13080,lorsa,4.417771816253662,3.2784245014190674,-1.1393473148345947,0.0,-0.25790089715425335,"Node(id=18_13080_14, type=lorsa, layer=9, feature=13080, pos=14)",1
0,3,13486,transcoder,9,54,12243,lorsa,2.3094804286956787,1.4678806066513062,-0.8415998220443726,0.0,-0.36441089155264306,"Node(id=18_12243_54, type=lorsa, layer=9, feature=12243, pos=54)",1
0,3,13486,transcoder,9,54,13348,transcoder,0.5763208270072937,0.3646368682384491,-0.2116839587688446,0.0,-0.3673022886715243,"Node(id=19_13348_54, type=transcoder, layer=9, feature=13348, pos=54)",1
0,3,13486,transcoder,11,51,9680,transcoder,1.042241096496582,0.7314488291740417,-0.3107922673225403,0.0,-0.2981961355844113,"Node(id=23_9680_51, type=transcoder, layer=11, feature=9680, pos=51)",1
0,3,13486,transcoder,11,51,9849,transcoder,0.687792956829071,0.540451169013977,-0.147341787815094,0.0,-0.21422404279099225,"Node(id=23_9849_51, type=transcoder, layer=11, feature=9849, pos=51)",1
0,3,13486,transcoder,12,54,9881,lorsa,2.963268280029297,2.0041887760162354,-0.9590795040130615,0.0,-0.3236559816324087,"Node(id=24_9881_54, type=lorsa, layer=12, feature=9881, pos=54)",1
0,3,13486,transcoder,13,51,5681,lorsa,1.9713155031204224,1.318608283996582,-0.6527072191238403,0.0,-0.3311023618952223,"Node(id=26_5681_51, type=lorsa, layer=13, feature=5681, pos=51)",1
0,3,13486,transcoder,13,14,12356,transcoder,2.3949244022369385,1.1146867275238037,-1.2802376747131348,0.0,-0.534562875353122,"Node(id=27_12356_14, type=transcoder, layer=13, feature=12356, pos=14)",1
0,3,13486,transcoder,13,14,14792,transcoder,0.9941571950912476,0.6424885392189026,-0.35166865587234497,0.0,-0.35373546317297183,"Node(id=27_14792_14, type=transcoder, layer=13, feature=14792, pos=14)",1
0,3,13486,transcoder,13,51,3932,transcoder,0.40207821130752563,0.0,-0.40207821130752563,0.0,-1.0,"Node(id=27_3932_51, type=transcoder, layer=13, feature=3932, pos=51)",1
0,3,13486,transcoder,13,55,14142,transcoder,0.6139975786209106,0.0,-0.6139975786209106,0.0,-1.0,"Node(id=27_14142_55, type=transcoder, layer=13, feature=14142, pos=55)",1
0,3,13486,transcoder,14,51,7349,lorsa,2.629939079284668,1.7819888591766357,-0.8479502201080322,0.0,-0.32242200086956807,"Node(id=28_7349_51, type=lorsa, layer=14, feature=7349, pos=51)",1
0,3,13486,transcoder,14,55,9044,lorsa,3.8024330139160156,1.4451661109924316,-2.357266902923584,0.0,-0.6199364707534725,"Node(id=28_9044_55, type=lorsa, layer=14, feature=9044, pos=55)",1
0,3,13486,transcoder,14,51,138,transcoder,4.929553031921387,3.538465976715088,-1.3910870552062988,0.0,-0.28219334414262226,"Node(id=29_138_51, type=transcoder, layer=14, feature=138, pos=51)",1
0,3,13486,transcoder,14,51,11103,transcoder,1.2022953033447266,0.8261464238166809,-0.37614887952804565,0.0,-0.312858977725038,"Node(id=29_11103_51, type=transcoder, layer=14, feature=11103, pos=51)",1
0,3,13486,transcoder,14,51,11169,transcoder,0.6642193794250488,0.0,-0.6642193794250488,0.0,-1.0,"Node(id=29_11169_51, type=transcoder, layer=14, feature=11169, pos=51)",1
0,3,13486,transcoder,14,55,8439,transcoder,1.9621776342391968,0.9572418332099915,-1.0049358010292053,0.0,-0.5121533257201014,"Node(id=29_8439_55, type=transcoder, layer=14, feature=8439, pos=55)",1
0,5,13486,transcoder,4,55,9090,lorsa,4.7906646728515625,3.7050929069519043,-1.0855717658996582,0.0,-0.22660149270132277,"Node(id=8_9090_55, type=lorsa, layer=4, feature=9090, pos=55)",1
0,5,13486,transcoder,7,51,6874,lorsa,3.2344436645507812,2.2748966217041016,-0.9595470428466797,0.0,-0.29666525138874145,"Node(id=14_6874_51, type=lorsa, layer=7, feature=6874, pos=51)",1
0,5,13486,transcoder,7,5,11946,transcoder,2.906679153442383,0.0,-2.906679153442383,0.0,-1.0,"Node(id=15_11946_5, type=transcoder, layer=7, feature=11946, pos=5)",1
0,5,13486,transcoder,9,54,13348,transcoder,0.5763208270072937,0.4476669430732727,-0.128653883934021,0.0,-0.2232330984845578,"Node(id=19_13348_54, type=transcoder, layer=9, feature=13348, pos=54)",1
0,5,13486,transcoder,12,54,9881,lorsa,2.963268280029297,1.8381272554397583,-1.1251410245895386,0.0,-0.37969597021381224,"Node(id=24_9881_54, type=lorsa, layer=12, feature=9881, pos=54)",1
0,5,13486,transcoder,13,14,12356,transcoder,2.3949244022369385,1.4592143297195435,-0.935710072517395,0.0,-0.39070547347691265,"Node(id=27_12356_14, type=transcoder, layer=13, feature=12356, pos=14)",1
0,5,13486,transcoder,13,51,3932,transcoder,0.40207821130752563,0.0,-0.40207821130752563,0.0,-1.0,"Node(id=27_3932_51, type=transcoder, layer=13, feature=3932, pos=51)",1
0,5,13486,transcoder,13,55,14142,transcoder,0.6139975786209106,0.44987571239471436,-0.1641218662261963,0.0,-0.26730051052453263,"Node(id=27_14142_55, type=transcoder, layer=13, feature=14142, pos=55)",1
0,5,13486,transcoder,14,51,7349,lorsa,2.629939079284668,2.0316379070281982,-0.5983011722564697,0.0,-0.2274962096913686,"Node(id=28_7349_51, type=lorsa, layer=14, feature=7349, pos=51)",1
0,5,13486,transcoder,14,51,11169,transcoder,0.6642193794250488,0.0,-0.6642193794250488,0.0,-1.0,"Node(id=29_11169_51, type=transcoder, layer=14, feature=11169, pos=51)",1
0,5,13486,transcoder,14,55,8439,transcoder,1.9621776342391968,1.430745244026184,-0.5314323902130127,0.0,-0.27083806325163173,"Node(id=29_8439_55, type=transcoder, layer=14, feature=8439, pos=55)",1
0,6,8484,transcoder,1,6,13953,transcoder,2.1033570766448975,0.0,-2.1033570766448975,0.0,-1.0,"Node(id=3_13953_6, type=transcoder, layer=1, feature=13953, pos=6)",1
0,6,8484,transcoder,2,6,13953,transcoder,1.7135149240493774,0.0,-1.7135149240493774,0.0,-1.0,"Node(id=5_13953_6, type=transcoder, layer=2, feature=13953, pos=6)",1
0,6,8484,transcoder,3,6,1991,transcoder,2.446690320968628,0.0,-2.446690320968628,0.0,-1.0,"Node(id=7_1991_6, type=transcoder, layer=3, feature=1991, pos=6)",1
0,6,8484,transcoder,4,6,2640,transcoder,1.146464228630066,0.0,-1.146464228630066,0.0,-1.0,"Node(id=9_2640_6, type=transcoder, layer=4, feature=2640, pos=6)",1
0,6,8484,transcoder,8,14,912,transcoder,0.7022373080253601,0.13562904298305511,-0.566608265042305,0.0,-0.8068615246825407,"Node(id=17_912_14, type=transcoder, layer=8, feature=912, pos=14)",1
0,6,8484,transcoder,9,54,12243,lorsa,2.3094804286956787,1.1781896352767944,-1.1312907934188843,0.0,-0.48984645176569064,"Node(id=18_12243_54, type=lorsa, layer=9, feature=12243, pos=54)",1
0,6,8484,transcoder,11,51,9849,transcoder,0.687792956829071,0.5398069620132446,-0.14798599481582642,0.0,-0.21516067204015235,"Node(id=23_9849_51, type=transcoder, layer=11, feature=9849, pos=51)",1
0,6,8484,transcoder,13,14,12356,transcoder,2.3949244022369385,1.8308775424957275,-0.5640468597412109,0.0,-0.23551760515462306,"Node(id=27_12356_14, type=transcoder, layer=13, feature=12356, pos=14)",1
0,6,8484,transcoder,13,14,14792,transcoder,0.9941571950912476,0.794002115726471,-0.2001550793647766,0.0,-0.2013314195713341,"Node(id=27_14792_14, type=transcoder, layer=13, feature=14792, pos=14)",1
0,6,8484,transcoder,13,51,3932,transcoder,0.40207821130752563,0.2091149240732193,-0.19296328723430634,0.0,-0.4799148071386545,"Node(id=27_3932_51, type=transcoder, layer=13, feature=3932, pos=51)",1
0,6,8484,transcoder,13,55,9300,transcoder,0.6302089691162109,0.5025752782821655,-0.1276336908340454,0.0,-0.20252598279112982,"Node(id=27_9300_55, type=transcoder, layer=13, feature=9300, pos=55)",1
0,6,8484,transcoder,13,55,14142,transcoder,0.6139975786209106,0.475928395986557,-0.13806918263435364,0.0,-0.2248692624235888,"Node(id=27_14142_55, type=transcoder, layer=13, feature=14142, pos=55)",1
0,6,8484,transcoder,14,51,7349,lorsa,2.629939079284668,2.0070929527282715,-0.6228461265563965,0.0,-0.23682910811980024,"Node(id=28_7349_51, type=lorsa, layer=14, feature=7349, pos=51)",1
0,6,8484,transcoder,14,55,9044,lorsa,3.8024330139160156,2.884838581085205,-0.9175944328308105,0.0,-0.24131771144228695,"Node(id=28_9044_55, type=lorsa, layer=14, feature=9044, pos=55)",1
0,6,8484,transcoder,14,51,11169,transcoder,0.6642193794250488,0.35064414143562317,-0.31357523798942566,0.0,-0.47209588835070987,"Node(id=29_11169_51, type=transcoder, layer=14, feature=11169, pos=51)",1
0,9,12663,transcoder,13,51,3932,transcoder,0.40207821130752563,0.0,-0.40207821130752563,0.0,-1.0,"Node(id=27_3932_51, type=transcoder, layer=13, feature=3932, pos=51)",1
0,9,12663,transcoder,13,55,14142,transcoder,0.6139975786209106,0.4610692262649536,-0.15292835235595703,0.0,-0.2490699600142508,"Node(id=27_14142_55, type=transcoder, layer=13, feature=14142, pos=55)",1
0,9,12663,transcoder,14,55,9044,lorsa,3.8024330139160156,1.692103624343872,-2.1103293895721436,0.0,-0.5549944948007846,"Node(id=28_9044_55, type=lorsa, layer=14, feature=9044, pos=55)",1
0,9,12663,transcoder,14,51,11169,transcoder,0.6642193794250488,0.41313737630844116,-0.25108200311660767,0.0,-0.3780106556570893,"Node(id=29_11169_51, type=transcoder, layer=14, feature=11169, pos=51)",1
0,9,12663,transcoder,14,55,8439,transcoder,1.9621776342391968,1.1487799882888794,-0.8133976459503174,0.0,-0.41453823127777084,"Node(id=29_8439_55, type=transcoder, layer=14, feature=8439, pos=55)",1
0,10,12663,transcoder,11,51,9680,transcoder,1.042241096496582,0.7974304556846619,-0.24481064081192017,0.0,-0.23488868519465736,"Node(id=23_9680_51, type=transcoder, layer=11, feature=9680, pos=51)",1
0,10,12663,transcoder,13,51,3932,transcoder,0.40207821130752563,0.0,-0.40207821130752563,0.0,-1.0,"Node(id=27_3932_51, type=transcoder, layer=13, feature=3932, pos=51)",1
0,10,12663,transcoder,13,55,14142,transcoder,0.6139975786209106,0.40928179025650024,-0.2047157883644104,0.0,-0.3334146509571243,"Node(id=27_14142_55, type=transcoder, layer=13, feature=14142, pos=55)",1
0,10,12663,transcoder,14,55,9044,lorsa,3.8024330139160156,1.4756752252578735,-2.326757788658142,0.0,-0.611912893703256,"Node(id=28_9044_55, type=lorsa, layer=14, feature=9044, pos=55)",1
0,10,12663,transcoder,14,51,11169,transcoder,0.6642193794250488,0.29992160201072693,-0.3642977774143219,0.0,-0.5484600249538935,"Node(id=29_11169_51, type=transcoder, layer=14, feature=11169, pos=51)",1
0,10,12663,transcoder,14,55,8439,transcoder,1.9621776342391968,0.9069713354110718,-1.055206298828125,0.0,-0.5377730743716608,"Node(id=29_8439_55, type=transcoder, layer=14, feature=8439, pos=55)",1
0,14,12663,transcoder,3,6,1991,transcoder,2.446690320968628,1.665966272354126,-0.780724048614502,0.0,-0.31909393760360266,"Node(id=7_1991_6, type=transcoder, layer=3, feature=1991, pos=6)",1
0,14,12663,transcoder,6,54,11408,transcoder,0.8126611113548279,0.6491878032684326,-0.16347330808639526,0.0,-0.2011580298383674,"Node(id=13_11408_54, type=transcoder, layer=6, feature=11408, pos=54)",1
0,14,12663,transcoder,8,14,912,transcoder,0.7022373080253601,0.3715636730194092,-0.3306736350059509,0.0,-0.47088588320062486,"Node(id=17_912_14, type=transcoder, layer=8, feature=912, pos=14)",1
0,14,12663,transcoder,9,54,12243,lorsa,2.3094804286956787,1.3057266473770142,-1.0037537813186646,0.0,-0.4346232030576474,"Node(id=18_12243_54, type=lorsa, layer=9, feature=12243, pos=54)",1
0,14,12663,transcoder,11,51,9849,transcoder,0.687792956829071,0.33176010847091675,-0.3560328483581543,0.0,-0.5176453827029155,"Node(id=23_9849_51, type=transcoder, layer=11, feature=9849, pos=51)",1
0,14,12663,transcoder,11,54,10708,transcoder,0.9755883812904358,0.7616738080978394,-0.21391457319259644,0.0,-0.2192672414872819,"Node(id=23_10708_54, type=transcoder, layer=11, feature=10708, pos=54)",1
0,14,12663,transcoder,12,54,9881,lorsa,2.963268280029297,1.7136414051055908,-1.249626874923706,0.0,-0.42170561583824984,"Node(id=24_9881_54, type=lorsa, layer=12, feature=9881, pos=54)",1
0,14,12663,transcoder,13,51,5681,lorsa,1.9713155031204224,0.0,-1.9713155031204224,0.0,-1.0,"Node(id=26_5681_51, type=lorsa, layer=13, feature=5681, pos=51)",1
0,14,12663,transcoder,13,14,12356,transcoder,2.3949244022369385,1.2252988815307617,-1.1696255207061768,0.0,-0.48837680204590506,"Node(id=27_12356_14, type=transcoder, layer=13, feature=12356, pos=14)",1
0,14,12663,transcoder,13,14,14792,transcoder,0.9941571950912476,0.0,-0.9941571950912476,0.0,-1.0,"Node(id=27_14792_14, type=transcoder, layer=13, feature=14792, pos=14)",1
0,14,12663,transcoder,13,51,3932,transcoder,0.40207821130752563,0.0,-0.40207821130752563,0.0,-1.0,"Node(id=27_3932_51, type=transcoder, layer=13, feature=3932, pos=51)",1
0,14,12663,transcoder,14,51,7349,lorsa,2.629939079284668,0.8508192300796509,-1.779119849205017,0.0,-0.6764870955447873,"Node(id=28_7349_51, type=lorsa, layer=14, feature=7349, pos=51)",1
0,14,12663,transcoder,14,55,9044,lorsa,3.8024330139160156,0.0,-3.8024330139160156,0.0,-1.0,"Node(id=28_9044_55, type=lorsa, layer=14, feature=9044, pos=55)",1
0,14,12663,transcoder,14,51,2640,transcoder,1.2701964378356934,0.9969733953475952,-0.27322304248809814,0.0,-0.21510298277457537,"Node(id=29_2640_51, type=transcoder, layer=14, feature=2640, pos=51)",1
0,14,12663,transcoder,14,51,11169,transcoder,0.6642193794250488,0.0,-0.6642193794250488,0.0,-1.0,"Node(id=29_11169_51, type=transcoder, layer=14, feature=11169, pos=51)",1
0,14,12663,transcoder,14,55,8439,transcoder,1.9621776342391968,0.5045038461685181,-1.4576737880706787,0.0,-0.7428857421646581,"Node(id=29_8439_55, type=transcoder, layer=14, feature=8439, pos=55)",1
0,15,12663,transcoder,13,51,3932,transcoder,0.40207821130752563,0.25763964653015137,-0.14443856477737427,0.0,-0.35923002220804706,"Node(id=27_3932_51, type=transcoder, layer=13, feature=3932, pos=51)",1
0,15,12663,transcoder,14,51,11169,transcoder,0.6642193794250488,0.4327373802661896,-0.23148199915885925,0.0,-0.3485023266849442,"Node(id=29_11169_51, type=transcoder, layer=14, feature=11169, pos=51)",1
0,23,8135,transcoder,1,55,4200,lorsa,1.2039995193481445,0.9074001312255859,-0.2965993881225586,0.0,-0.2463451050903575,"Node(id=2_4200_55, type=lorsa, layer=1, feature=4200, pos=55)",1
0,23,8135,transcoder,1,55,10736,transcoder,0.5947915315628052,0.28082746267318726,-0.3139640688896179,0.0,-0.5278556472797828,"Node(id=3_10736_55, type=transcoder, layer=1, feature=10736, pos=55)",1
0,23,8135,transcoder,2,51,9305,transcoder,0.8282850384712219,0.3176422119140625,-0.5106428265571594,0.0,-0.6165061577107085,"Node(id=5_9305_51, type=transcoder, layer=2, feature=9305, pos=51)",1
0,23,8135,transcoder,2,56,7272,transcoder,1.4503072500228882,1.1343616247177124,-0.3159456253051758,0.0,-0.21784737358252168,"Node(id=5_7272_56, type=transcoder, layer=2, feature=7272, pos=56)",1
0,23,8135,transcoder,3,51,7112,transcoder,1.2625163793563843,0.46665358543395996,-0.7958627939224243,0.0,-0.6303781930561135,"Node(id=7_7112_51, type=transcoder, layer=3, feature=7112, pos=51)",1
0,23,8135,transcoder,4,55,9090,lorsa,4.7906646728515625,1.9997334480285645,-2.790931224822998,0.0,-0.5825770358420314,"Node(id=8_9090_55, type=lorsa, layer=4, feature=9090, pos=55)",1
0,23,8135,transcoder,7,51,6874,lorsa,3.2344436645507812,0.0,-3.2344436645507812,0.0,-1.0,"Node(id=14_6874_51, type=lorsa, layer=7, feature=6874, pos=51)",1
0,23,8135,transcoder,8,62,3162,transcoder,3.005798101425171,2.3610000610351562,-0.6447980403900146,0.0,-0.21451808093307723,"Node(id=17_3162_62, type=transcoder, layer=8, feature=3162, pos=62)",1
0,23,8135,transcoder,9,14,13080,lorsa,4.417771816253662,3.270388603210449,-1.147383213043213,0.0,-0.2597198906520734,"Node(id=18_13080_14, type=lorsa, layer=9, feature=13080, pos=14)",1
0,23,8135,transcoder,9,54,12243,lorsa,2.3094804286956787,1.2005757093429565,-1.1089047193527222,0.0,-0.4801533304090377,"Node(id=18_12243_54, type=lorsa, layer=9, feature=12243, pos=54)",1
0,23,8135,transcoder,10,51,12950,transcoder,0.8460464477539062,0.0,-0.8460464477539062,0.0,-1.0,"Node(id=21_12950_51, type=transcoder, layer=10, feature=12950, pos=51)",1
0,23,8135,transcoder,11,51,9680,transcoder,1.042241096496582,0.0,-1.042241096496582,0.0,-1.0,"Node(id=23_9680_51, type=transcoder, layer=11, feature=9680, pos=51)",1
0,23,8135,transcoder,11,51,9849,transcoder,0.687792956829071,0.0,-0.687792956829071,0.0,-1.0,"Node(id=23_9849_51, type=transcoder, layer=11, feature=9849, pos=51)",1
0,23,8135,transcoder,12,54,9881,lorsa,2.963268280029297,1.6448760032653809,-1.318392276763916,0.0,-0.44491154771544394,"Node(id=24_9881_54, type=lorsa, layer=12, feature=9881, pos=54)",1
0,23,8135,transcoder,12,51,8628,transcoder,0.8337218761444092,0.0,-0.8337218761444092,0.0,-1.0,"Node(id=25_8628_51, type=transcoder, layer=12, feature=8628, pos=51)",1
0,23,8135,transcoder,13,14,12356,transcoder,2.3949244022369385,1.0447334051132202,-1.3501909971237183,0.0,-0.563771865142213,"Node(id=27_12356_14, type=transcoder, layer=13, feature=12356, pos=14)",1
0,23,8135,transcoder,13,14,14792,transcoder,0.9941571950912476,0.43614280223846436,-0.5580143928527832,0.0,-0.5612939237456975,"Node(id=27_14792_14, type=transcoder, layer=13, feature=14792, pos=14)",1
0,23,8135,transcoder,13,23,142,transcoder,1.0874344110488892,0.0,-1.0874344110488892,0.0,-1.0,"Node(id=27_142_23, type=transcoder, layer=13, feature=142, pos=23)",1
0,23,8135,transcoder,13,51,3932,transcoder,0.40207821130752563,0.0,-0.40207821130752563,0.0,-1.0,"Node(id=27_3932_51, type=transcoder, layer=13, feature=3932, pos=51)",1
0,23,8135,transcoder,13,51,12356,transcoder,3.2392890453338623,1.228682279586792,-2.0106067657470703,0.0,-0.6206938428799101,"Node(id=27_12356_51, type=transcoder, layer=13, feature=12356, pos=51)",1
0,23,8135,transcoder,13,51,13122,transcoder,0.9594287276268005,0.0,-0.9594287276268005,0.0,-1.0,"Node(id=27_13122_51, type=transcoder, layer=13, feature=13122, pos=51)",1
0,23,8135,transcoder,13,55,9300,transcoder,0.6302089691162109,0.0,-0.6302089691162109,0.0,-1.0,"Node(id=27_9300_55, type=transcoder, layer=13, feature=9300, pos=55)",1
0,23,8135,transcoder,13,55,14142,transcoder,0.6139975786209106,0.0,-0.6139975786209106,0.0,-1.0,"Node(id=27_14142_55, type=transcoder, layer=13, feature=14142, pos=55)",1
0,23,8135,transcoder,13,56,2268,transcoder,0.6461610198020935,0.0,-0.6461610198020935,0.0,-1.0,"Node(id=27_2268_56, type=transcoder, layer=13, feature=2268, pos=56)",1
0,23,8135,transcoder,13,56,13473,transcoder,1.8784750699996948,1.0193800926208496,-0.8590949773788452,0.0,-0.4573363741148744,"Node(id=27_13473_56, type=transcoder, layer=13, feature=13473, pos=56)",1
0,23,8135,transcoder,14,51,7349,lorsa,2.629939079284668,0.0,-2.629939079284668,0.0,-1.0,"Node(id=28_7349_51, type=lorsa, layer=14, feature=7349, pos=51)",1
0,23,8135,transcoder,14,55,9044,lorsa,3.8024330139160156,0.0,-3.8024330139160156,0.0,-1.0,"Node(id=28_9044_55, type=lorsa, layer=14, feature=9044, pos=55)",1
0,23,8135,transcoder,14,51,138,transcoder,4.929553031921387,1.0869311094284058,-3.842621922492981,0.0,-0.7795071678121791,"Node(id=29_138_51, type=transcoder, layer=14, feature=138, pos=51)",1
0,23,8135,transcoder,14,51,2640,transcoder,1.2701964378356934,0.0,-1.2701964378356934,0.0,-1.0,"Node(id=29_2640_51, type=transcoder, layer=14, feature=2640, pos=51)",1
0,23,8135,transcoder,14,51,11103,transcoder,1.2022953033447266,0.0,-1.2022953033447266,0.0,-1.0,"Node(id=29_11103_51, type=transcoder, layer=14, feature=11103, pos=51)",1
0,23,8135,transcoder,14,51,11169,transcoder,0.6642193794250488,0.0,-0.6642193794250488,0.0,-1.0,"Node(id=29_11169_51, type=transcoder, layer=14, feature=11169, pos=51)",1
0,23,8135,transcoder,14,55,8439,transcoder,1.9621776342391968,0.0,-1.9621776342391968,0.0,-1.0,"Node(id=29_8439_55, type=transcoder, layer=14, feature=8439, pos=55)",1
0,24,12663,transcoder,13,51,3932,transcoder,0.40207821130752563,0.23520343005657196,-0.16687478125095367,0.0,-0.415030649654679,"Node(id=27_3932_51, type=transcoder, layer=13, feature=3932, pos=51)",1
0,24,12663,transcoder,14,55,9044,lorsa,3.8024330139160156,2.5374982357025146,-1.264934778213501,0.0,-0.33266457912187686,"Node(id=28_9044_55, type=lorsa, layer=14, feature=9044, pos=55)",1
0,24,12663,transcoder,14,55,8439,transcoder,1.9621776342391968,1.4754387140274048,-0.486738920211792,0.0,-0.24806057908234047,"Node(id=29_8439_55, type=transcoder, layer=14, feature=8439, pos=55)",1
0,40,11076,transcoder,14,51,11169,transcoder,0.6642193794250488,0.40400487184524536,-0.26021450757980347,0.0,-0.3917598848215574,"Node(id=29_11169_51, type=transcoder, layer=14, feature=11169, pos=51)",1
0,45,12663,transcoder,1,45,417,lorsa,4.593832015991211,2.3927345275878906,-2.2010974884033203,0.0,-0.47914191915186727,"Node(id=2_417_45, type=lorsa, layer=1, feature=417, pos=45)",1
0,45,12663,transcoder,1,54,11614,lorsa,2.873215436935425,0.0,-2.873215436935425,0.0,-1.0,"Node(id=2_11614_54, type=lorsa, layer=1, feature=11614, pos=54)",1
0,45,12663,transcoder,1,54,11175,transcoder,1.3649195432662964,0.7325936555862427,-0.6323258876800537,0.0,-0.4632697149070615,"Node(id=3_11175_54, type=transcoder, layer=1, feature=11175, pos=54)",1
0,45,12663,transcoder,2,54,715,transcoder,0.9930531978607178,0.3314663767814636,-0.6615868210792542,0.0,-0.6662148840610712,"Node(id=5_715_54, type=transcoder, layer=2, feature=715, pos=54)",1
0,45,12663,transcoder,6,54,6917,transcoder,0.7765606641769409,0.5748636722564697,-0.2016969919204712,0.0,-0.2597311468695691,"Node(id=13_6917_54, type=transcoder, layer=6, feature=6917, pos=54)",1
0,45,12663,transcoder,6,54,11408,transcoder,0.8126611113548279,0.0,-0.8126611113548279,0.0,-1.0,"Node(id=13_11408_54, type=transcoder, layer=6, feature=11408, pos=54)",1
0,45,12663,transcoder,8,14,912,transcoder,0.7022373080253601,0.38824376463890076,-0.31399354338645935,0.0,-0.4471330984526957,"Node(id=17_912_14, type=transcoder, layer=8, feature=912, pos=14)",1
0,45,12663,transcoder,9,14,13080,lorsa,4.417771816253662,2.180990219116211,-2.236781597137451,0.0,-0.5063144250474838,"Node(id=18_13080_14, type=lorsa, layer=9, feature=13080, pos=14)",1
0,45,12663,transcoder,9,54,12243,lorsa,2.3094804286956787,0.9202553033828735,-1.3892251253128052,0.0,-0.6015314561887825,"Node(id=18_12243_54, type=lorsa, layer=9, feature=12243, pos=54)",1
0,45,12663,transcoder,9,54,13348,transcoder,0.5763208270072937,0.40938276052474976,-0.16693806648254395,0.0,-0.28966169303548567,"Node(id=19_13348_54, type=transcoder, layer=9, feature=13348, pos=54)",1
0,45,12663,transcoder,10,51,12950,transcoder,0.8460464477539062,0.5376859903335571,-0.3083604574203491,0.0,-0.3644722559133579,"Node(id=21_12950_51, type=transcoder, layer=10, feature=12950, pos=51)",1
0,45,12663,transcoder,11,51,9680,transcoder,1.042241096496582,0.5203028321266174,-0.5219382643699646,0.0,-0.500784574820953,"Node(id=23_9680_51, type=transcoder, layer=11, feature=9680, pos=51)",1
0,45,12663,transcoder,11,51,9849,transcoder,0.687792956829071,0.38827669620513916,-0.2995162606239319,0.0,-0.4354744515046947,"Node(id=23_9849_51, type=transcoder, layer=11, feature=9849, pos=51)",1
0,45,12663,transcoder,11,54,10708,transcoder,0.9755883812904358,0.0,-0.9755883812904358,0.0,-1.0,"Node(id=23_10708_54, type=transcoder, layer=11, feature=10708, pos=54)",1
0,45,12663,transcoder,12,54,9881,lorsa,2.963268280029297,0.0,-2.963268280029297,0.0,-1.0,"Node(id=24_9881_54, type=lorsa, layer=12, feature=9881, pos=54)",1
0,45,12663,transcoder,12,51,8628,transcoder,0.8337218761444092,0.45952990651130676,-0.3741919696331024,0.0,-0.44882110010543674,"Node(id=25_8628_51, type=transcoder, layer=12, feature=8628, pos=51)",1
0,45,12663,transcoder,13,51,5681,lorsa,1.9713155031204224,0.0,-1.9713155031204224,0.0,-1.0,"Node(id=26_5681_51, type=lorsa, layer=13, feature=5681, pos=51)",1
0,45,12663,transcoder,13,14,12356,transcoder,2.3949244022369385,0.7349728941917419,-1.6599515080451965,0.0,-0.693112277988711,"Node(id=27_12356_14, type=transcoder, layer=13, feature=12356, pos=14)",1
0,45,12663,transcoder,13,14,14792,transcoder,0.9941571950912476,0.0,-0.9941571950912476,0.0,-1.0,"Node(id=27_14792_14, type=transcoder, layer=13, feature=14792, pos=14)",1
0,45,12663,transcoder,13,51,3932,transcoder,0.40207821130752563,0.0,-0.40207821130752563,0.0,-1.0,"Node(id=27_3932_51, type=transcoder, layer=13, feature=3932, pos=51)",1
0,45,12663,transcoder,13,51,13122,transcoder,0.9594287276268005,0.5832981467247009,-0.3761305809020996,0.0,-0.3920359794025338,"Node(id=27_13122_51, type=transcoder, layer=13, feature=13122, pos=51)",1
0,45,12663,transcoder,13,55,9300,transcoder,0.6302089691162109,0.3122222125530243,-0.31798675656318665,0.0,-0.5045735179064862,"Node(id=27_9300_55, type=transcoder, layer=13, feature=9300, pos=55)",1
0,45,12663,transcoder,13,55,14142,transcoder,0.6139975786209106,0.0,-0.6139975786209106,0.0,-1.0,"Node(id=27_14142_55, type=transcoder, layer=13, feature=14142, pos=55)",1
0,45,12663,transcoder,14,51,7349,lorsa,2.629939079284668,0.9163375496864319,-1.713601529598236,0.0,-0.6515746098819628,"Node(id=28_7349_51, type=lorsa, layer=14, feature=7349, pos=51)",1
0,45,12663,transcoder,14,55,9044,lorsa,3.8024330139160156,0.0,-3.8024330139160156,0.0,-1.0,"Node(id=28_9044_55, type=lorsa, layer=14, feature=9044, pos=55)",1
0,45,12663,transcoder,14,51,138,transcoder,4.929553031921387,3.224618911743164,-1.7049341201782227,0.0,-0.34585977859207495,"Node(id=29_138_51, type=transcoder, layer=14, feature=138, pos=51)",1
0,45,12663,transcoder,14,51,11103,transcoder,1.2022953033447266,0.37147775292396545,-0.8308175504207611,0.0,-0.691026196400724,"Node(id=29_11103_51, type=transcoder, layer=14, feature=11103, pos=51)",1
0,45,12663,transcoder,14,51,11169,transcoder,0.6642193794250488,0.0,-0.6642193794250488,0.0,-1.0,"Node(id=29_11169_51, type=transcoder, layer=14, feature=11169, pos=51)",1
0,45,12663,transcoder,14,55,8439,transcoder,1.9621776342391968,0.5399754047393799,-1.422202229499817,0.0,-0.7248080931527145,"Node(id=29_8439_55, type=transcoder, layer=14, feature=8439, pos=55)",1
0,51,2952,transcoder,2,51,9305,transcoder,0.8282850384712219,0.0,-0.8282850384712219,0.0,-1.0,"Node(id=5_9305_51, type=transcoder, layer=2, feature=9305, pos=51)",1
0,51,2952,transcoder,3,51,7112,transcoder,1.2625163793563843,0.0,-1.2625163793563843,0.0,-1.0,"Node(id=7_7112_51, type=transcoder, layer=3, feature=7112, pos=51)",1
0,51,2952,transcoder,6,54,11408,transcoder,0.8126611113548279,0.0,-0.8126611113548279,0.0,-1.0,"Node(id=13_11408_54, type=transcoder, layer=6, feature=11408, pos=54)",1
0,51,2952,transcoder,8,14,912,transcoder,0.7022373080253601,0.5578604340553284,-0.14437687397003174,0.0,-0.20559556195612697,"Node(id=17_912_14, type=transcoder, layer=8, feature=912, pos=14)",1
0,51,2952,transcoder,9,54,12243,lorsa,2.3094804286956787,0.0,-2.3094804286956787,0.0,-1.0,"Node(id=18_12243_54, type=lorsa, layer=9, feature=12243, pos=54)",1
0,51,2952,transcoder,9,54,13348,transcoder,0.5763208270072937,0.42644739151000977,-0.14987343549728394,0.0,-0.2600520898672766,"Node(id=19_13348_54, type=transcoder, layer=9, feature=13348, pos=54)",1
0,51,2952,transcoder,10,51,9278,transcoder,8.472284317016602,5.964064598083496,-2.5082197189331055,0.0,-0.29604999373018454,"Node(id=21_9278_51, type=transcoder, layer=10, feature=9278, pos=51)",1
0,51,2952,transcoder,10,51,12950,transcoder,0.8460464477539062,0.0,-0.8460464477539062,0.0,-1.0,"Node(id=21_12950_51, type=transcoder, layer=10, feature=12950, pos=51)",1
0,51,2952,transcoder,10,56,11708,transcoder,2.9663991928100586,1.6290454864501953,-1.3373537063598633,0.0,-0.4508340312394008,"Node(id=21_11708_56, type=transcoder, layer=10, feature=11708, pos=56)",1
0,51,2952,transcoder,11,51,9680,transcoder,1.042241096496582,0.0,-1.042241096496582,0.0,-1.0,"Node(id=23_9680_51, type=transcoder, layer=11, feature=9680, pos=51)",1
0,51,2952,transcoder,11,51,9849,transcoder,0.687792956829071,0.0,-0.687792956829071,0.0,-1.0,"Node(id=23_9849_51, type=transcoder, layer=11, feature=9849, pos=51)",1
0,51,2952,transcoder,11,56,7586,transcoder,2.6750638484954834,1.362876057624817,-1.3121877908706665,0.0,-0.4905257837522909,"Node(id=23_7586_56, type=transcoder, layer=11, feature=7586, pos=56)",1
0,51,2952,transcoder,12,54,9881,lorsa,2.963268280029297,1.7191909551620483,-1.2440773248672485,0.0,-0.4198328356739096,"Node(id=24_9881_54, type=lorsa, layer=12, feature=9881, pos=54)",1
0,51,2952,transcoder,12,51,8628,transcoder,0.8337218761444092,0.0,-0.8337218761444092,0.0,-1.0,"Node(id=25_8628_51, type=transcoder, layer=12, feature=8628, pos=51)",1
0,51,2952,transcoder,13,51,5681,lorsa,1.9713155031204224,0.0,-1.9713155031204224,0.0,-1.0,"Node(id=26_5681_51, type=lorsa, layer=13, feature=5681, pos=51)",1
0,51,2952,transcoder,13,14,12356,transcoder,2.3949244022369385,1.6273972988128662,-0.7675271034240723,0.0,-0.32048072277654216,"Node(id=27_12356_14, type=transcoder, layer=13, feature=12356, pos=14)",1
0,51,2952,transcoder,13,14,14792,transcoder,0.9941571950912476,0.4130311608314514,-0.5811260342597961,0.0,-0.5845413955953497,"Node(id=27_14792_14, type=transcoder, layer=13, feature=14792, pos=14)",1
0,51,2952,transcoder,13,51,3932,transcoder,0.40207821130752563,0.0,-0.40207821130752563,0.0,-1.0,"Node(id=27_3932_51, type=transcoder, layer=13, feature=3932, pos=51)",1
0,51,2952,transcoder,13,51,12356,transcoder,3.2392890453338623,0.0,-3.2392890453338623,0.0,-1.0,"Node(id=27_12356_51, type=transcoder, layer=13, feature=12356, pos=51)",1
0,51,2952,transcoder,13,51,13122,transcoder,0.9594287276268005,0.0,-0.9594287276268005,0.0,-1.0,"Node(id=27_13122_51, type=transcoder, layer=13, feature=13122, pos=51)",1
0,51,2952,transcoder,13,55,9300,transcoder,0.6302089691162109,0.24988281726837158,-0.38032615184783936,0.0,-0.6034921279860538,"Node(id=27_9300_55, type=transcoder, layer=13, feature=9300, pos=55)",1
0,51,2952,transcoder,13,55,14142,transcoder,0.6139975786209106,0.2745231091976166,-0.33947446942329407,0.0,-0.5528921957408721,"Node(id=27_14142_55, type=transcoder, layer=13, feature=14142, pos=55)",1
0,51,2952,transcoder,13,56,12356,transcoder,1.2258914709091187,0.0,-1.2258914709091187,0.0,-1.0,"Node(id=27_12356_56, type=transcoder, layer=13, feature=12356, pos=56)",1
0,51,2952,transcoder,14,51,7349,lorsa,2.629939079284668,0.0,-2.629939079284668,0.0,-1.0,"Node(id=28_7349_51, type=lorsa, layer=14, feature=7349, pos=51)",1
0,51,2952,transcoder,14,55,9044,lorsa,3.8024330139160156,0.0,-3.8024330139160156,0.0,-1.0,"Node(id=28_9044_55, type=lorsa, layer=14, feature=9044, pos=55)",1
0,51,2952,transcoder,14,51,2640,transcoder,1.2701964378356934,0.0,-1.2701964378356934,0.0,-1.0,"Node(id=29_2640_51, type=transcoder, layer=14, feature=2640, pos=51)",1
0,51,2952,transcoder,14,51,11103,transcoder,1.2022953033447266,0.0,-1.2022953033447266,0.0,-1.0,"Node(id=29_11103_51, type=transcoder, layer=14, feature=11103, pos=51)",1
0,51,2952,transcoder,14,51,11169,transcoder,0.6642193794250488,0.0,-0.6642193794250488,0.0,-1.0,"Node(id=29_11169_51, type=transcoder, layer=14, feature=11169, pos=51)",1
0,51,2952,transcoder,14,55,8439,transcoder,1.9621776342391968,0.6024869680404663,-1.3596906661987305,0.0,-0.6929498341397256,"Node(id=29_8439_55, type=transcoder, layer=14, feature=8439, pos=55)",1
0,54,15890,transcoder,1,45,417,lorsa,4.593832015991211,2.002472400665283,-2.5913596153259277,0.0,-0.5640954232338838,"Node(id=2_417_45, type=lorsa, layer=1, feature=417, pos=45)",1
0,54,15890,transcoder,14,51,11169,transcoder,0.6642193794250488,0.5232781171798706,-0.14094126224517822,0.0,-0.21219083123888616,"Node(id=29_11169_51, type=transcoder, layer=14, feature=11169, pos=51)",1
0,55,11076,transcoder,1,55,4857,transcoder,0.4845144748687744,0.0,-0.4845144748687744,0.0,-1.0,"Node(id=3_4857_55, type=transcoder, layer=1, feature=4857, pos=55)",1
0,55,11076,transcoder,1,55,8511,transcoder,0.6230177879333496,0.0,-0.6230177879333496,0.0,-1.0,"Node(id=3_8511_55, type=transcoder, layer=1, feature=8511, pos=55)",1
0,55,11076,transcoder,3,55,15371,transcoder,0.6983613967895508,0.0,-0.6983613967895508,0.0,-1.0,"Node(id=7_15371_55, type=transcoder, layer=3, feature=15371, pos=55)",1
0,55,11076,transcoder,6,54,11408,transcoder,0.8126611113548279,0.5953620076179504,-0.21729910373687744,0.0,-0.2673920293473958,"Node(id=13_11408_54, type=transcoder, layer=6, feature=11408, pos=54)",1
0,55,11076,transcoder,9,54,12243,lorsa,2.3094804286956787,0.0,-2.3094804286956787,0.0,-1.0,"Node(id=18_12243_54, type=lorsa, layer=9, feature=12243, pos=54)",1
0,55,11076,transcoder,9,54,13348,transcoder,0.5763208270072937,0.38520246744155884,-0.19111835956573486,0.0,-0.33161799922825996,"Node(id=19_13348_54, type=transcoder, layer=9, feature=13348, pos=54)",1
0,55,11076,transcoder,10,51,12950,transcoder,0.8460464477539062,0.6306194067001343,-0.21542704105377197,0.0,-0.2546279127176648,"Node(id=21_12950_51, type=transcoder, layer=10, feature=12950, pos=51)",1
0,55,11076,transcoder,11,51,9680,transcoder,1.042241096496582,0.7681524157524109,-0.27408868074417114,0.0,-0.2629801124379958,"Node(id=23_9680_51, type=transcoder, layer=11, feature=9680, pos=51)",1
0,55,11076,transcoder,12,54,9881,lorsa,2.963268280029297,2.3627145290374756,-0.6005537509918213,0.0,-0.2026660073403424,"Node(id=24_9881_54, type=lorsa, layer=12, feature=9881, pos=54)",1
0,55,11076,transcoder,12,51,8628,transcoder,0.8337218761444092,0.5516783595085144,-0.2820435166358948,0.0,-0.3382944896926777,"Node(id=25_8628_51, type=transcoder, layer=12, feature=8628, pos=51)",1
0,55,11076,transcoder,13,51,5681,lorsa,1.9713155031204224,1.1456161737442017,-0.8256993293762207,0.0,-0.41885701607338344,"Node(id=26_5681_51, type=lorsa, layer=13, feature=5681, pos=51)",1
0,55,11076,transcoder,13,14,12356,transcoder,2.3949244022369385,1.0584462881088257,-1.3364781141281128,0.0,-0.5580460547647341,"Node(id=27_12356_14, type=transcoder, layer=13, feature=12356, pos=14)",1
0,55,11076,transcoder,13,51,3932,transcoder,0.40207821130752563,0.0,-0.40207821130752563,0.0,-1.0,"Node(id=27_3932_51, type=transcoder, layer=13, feature=3932, pos=51)",1
0,55,11076,transcoder,13,51,13122,transcoder,0.9594287276268005,0.7468442320823669,-0.2125844955444336,0.0,-0.22157403611446258,"Node(id=27_13122_51, type=transcoder, layer=13, feature=13122, pos=51)",1
0,55,11076,transcoder,13,55,9300,transcoder,0.6302089691162109,0.0,-0.6302089691162109,0.0,-1.0,"Node(id=27_9300_55, type=transcoder, layer=13, feature=9300, pos=55)",1
0,55,11076,transcoder,13,56,12356,transcoder,1.2258914709091187,0.33802908658981323,-0.8878623843193054,0.0,-0.7242585541939275,"Node(id=27_12356_56, type=transcoder, layer=13, feature=12356, pos=56)",1
0,55,11076,transcoder,14,51,7349,lorsa,2.629939079284668,1.8292486667633057,-0.8006904125213623,0.0,-0.30445207603027313,"Node(id=28_7349_51, type=lorsa, layer=14, feature=7349, pos=51)",1
0,55,11076,transcoder,14,55,9044,lorsa,3.8024330139160156,1.457480549812317,-2.3449524641036987,0.0,-0.6166979025065585,"Node(id=28_9044_55, type=lorsa, layer=14, feature=9044, pos=55)",1
0,55,11076,transcoder,14,51,138,transcoder,4.929553031921387,3.67149019241333,-1.2580628395080566,0.0,-0.25520829806707707,"Node(id=29_138_51, type=transcoder, layer=14, feature=138, pos=51)",1
0,55,11076,transcoder,14,51,11169,transcoder,0.6642193794250488,0.0,-0.6642193794250488,0.0,-1.0,"Node(id=29_11169_51, type=transcoder, layer=14, feature=11169, pos=51)",1
0,55,15355,transcoder,1,55,4200,lorsa,1.2039995193481445,0.8875904083251953,-0.3164091110229492,0.0,-0.26279836988162236,"Node(id=2_4200_55, type=lorsa, layer=1, feature=4200, pos=55)",1
0,55,15355,transcoder,1,55,10736,transcoder,0.5947915315628052,0.4412148594856262,-0.15357667207717896,0.0,-0.2582025195847337,"Node(id=3_10736_55, type=transcoder, layer=1, feature=10736, pos=55)",1
0,55,15355,transcoder,14,51,11169,transcoder,0.6642193794250488,0.5243746042251587,-0.13984477519989014,0.0,-0.21054004073313906,"Node(id=29_11169_51, type=transcoder, layer=14, feature=11169, pos=51)",1
0,56,14339,transcoder,1,56,4856,transcoder,2.6325509548187256,1.4570890665054321,-1.1754618883132935,0.0,-0.44651059314224534,"Node(id=3_4856_56, type=transcoder, layer=1, feature=4856, pos=56)",1
0,56,14339,transcoder,2,56,7272,transcoder,1.4503072500228882,0.789668619632721,-0.6606386303901672,0.0,-0.45551632619897703,"Node(id=5_7272_56, type=transcoder, layer=2, feature=7272, pos=56)",1
0,57,14339,transcoder,1,57,4856,transcoder,1.772837519645691,0.703589141368866,-1.069248378276825,0.0,-0.6031282429596361,"Node(id=3_4856_57, type=transcoder, layer=1, feature=4856, pos=57)",1
0,62,488,transcoder,6,54,6917,transcoder,0.7765606641769409,0.0,-0.7765606641769409,0.0,-1.0,"Node(id=13_6917_54, type=transcoder, layer=6, feature=6917, pos=54)",1
0,62,488,transcoder,6,54,11408,transcoder,0.8126611113548279,0.5809388160705566,-0.23172229528427124,0.0,-0.28514013042651376,"Node(id=13_11408_54, type=transcoder, layer=6, feature=11408, pos=54)",1
0,62,488,transcoder,6,62,3210,transcoder,2.6106956005096436,0.0,-2.6106956005096436,0.0,-1.0,"Node(id=13_3210_62, type=transcoder, layer=6, feature=3210, pos=62)",1
0,62,488,transcoder,8,62,3162,transcoder,3.005798101425171,0.0,-3.005798101425171,0.0,-1.0,"Node(id=17_3162_62, type=transcoder, layer=8, feature=3162, pos=62)",1
0,62,488,transcoder,8,62,8174,transcoder,1.1858330965042114,0.0,-1.1858330965042114,0.0,-1.0,"Node(id=17_8174_62, type=transcoder, layer=8, feature=8174, pos=62)",1
0,62,488,transcoder,9,14,13080,lorsa,4.417771816253662,0.0,-4.417771816253662,0.0,-1.0,"Node(id=18_13080_14, type=lorsa, layer=9, feature=13080, pos=14)",1
0,62,488,transcoder,9,54,13348,transcoder,0.5763208270072937,0.24919308722019196,-0.32712773978710175,0.0,-0.5676139477481728,"Node(id=19_13348_54, type=transcoder, layer=9, feature=13348, pos=54)",1
0,62,488,transcoder,13,14,12356,transcoder,2.3949244022369385,0.8114185929298401,-1.5835058093070984,0.0,-0.6611923983187326,"Node(id=27_12356_14, type=transcoder, layer=13, feature=12356, pos=14)",1
0,62,488,transcoder,13,14,14792,transcoder,0.9941571950912476,0.0,-0.9941571950912476,0.0,-1.0,"Node(id=27_14792_14, type=transcoder, layer=13, feature=14792, pos=14)",1
0,62,488,transcoder,13,55,9300,transcoder,0.6302089691162109,0.32277911901474,-0.30742985010147095,0.0,-0.48782207992469984,"Node(id=27_9300_55, type=transcoder, layer=13, feature=9300, pos=55)",1
0,62,488,transcoder,13,56,12356,transcoder,1.2258914709091187,0.8322031497955322,-0.3936883211135864,0.0,-0.3211445143848076,"Node(id=27_12356_56, type=transcoder, layer=13, feature=12356, pos=56)",1
0,62,488,transcoder,14,55,9044,lorsa,3.8024330139160156,2.4436140060424805,-1.3588190078735352,0.0,-0.3573551467969522,"Node(id=28_9044_55, type=lorsa, layer=14, feature=9044, pos=55)",1
0,62,488,transcoder,14,51,11169,transcoder,0.6642193794250488,0.5158843994140625,-0.14833498001098633,0.0,-0.22332227063200977,"Node(id=29_11169_51, type=transcoder, layer=14, feature=11169, pos=51)",1
1,54,11614,lorsa,1,54,11175,transcoder,1.3649195432662964,0.9867170453071594,-0.37820249795913696,0.0,-0.2770877593664504,"Node(id=3_11175_54, type=transcoder, layer=1, feature=11175, pos=54)",1
1,6,13953,transcoder,2,6,13953,transcoder,1.7135149240493774,0.2666970491409302,-1.4468178749084473,0.0,-0.8443567398230347,"Node(id=5_13953_6, type=transcoder, layer=2, feature=13953, pos=6)",1
1,6,13953,transcoder,3,6,1991,transcoder,2.446690320968628,0.2780870497226715,-2.1686032712459564,0.0,-0.8863415417393,"Node(id=7_1991_6, type=transcoder, layer=3, feature=1991, pos=6)",1
1,6,13953,transcoder,4,6,2640,transcoder,1.146464228630066,0.6777800917625427,-0.4686841368675232,0.0,-0.40880833885900103,"Node(id=9_2640_6, type=transcoder, layer=4, feature=2640, pos=6)",1
1,55,8511,transcoder,13,51,3932,transcoder,0.40207821130752563,0.31572380661964417,-0.08635440468788147,0.0,-0.21477016724448703,"Node(id=27_3932_51, type=transcoder, layer=13, feature=3932, pos=51)",1
1,55,8511,transcoder,14,51,11169,transcoder,0.6642193794250488,0.35603559017181396,-0.30818378925323486,0.0,-0.4639789184109625,"Node(id=29_11169_51, type=transcoder, layer=14, feature=11169, pos=51)",1
1,56,2693,transcoder,4,55,9090,lorsa,4.7906646728515625,3.5069124698638916,-1.283752202987671,0.0,-0.26796953881214547,"Node(id=8_9090_55, type=lorsa, layer=4, feature=9090, pos=55)",1
1,56,2693,transcoder,5,56,1007,transcoder,1.8848531246185303,1.3495185375213623,-0.535334587097168,0.0,-0.28401925863879324,"Node(id=11_1007_56, type=transcoder, layer=5, feature=1007, pos=56)",1
1,56,2693,transcoder,11,56,7586,transcoder,2.6750638484954834,1.2586311101913452,-1.4164327383041382,0.0,-0.5294949274204322,"Node(id=23_7586_56, type=transcoder, layer=11, feature=7586, pos=56)",1
1,56,2693,transcoder,13,56,12356,transcoder,1.2258914709091187,0.6381359100341797,-0.587755560874939,0.0,-0.4794515459342095,"Node(id=27_12356_56, type=transcoder, layer=13, feature=12356, pos=56)",1
1,56,2693,transcoder,13,56,13473,transcoder,1.8784750699996948,0.9148536324501038,-0.9636214375495911,0.0,-0.5129806899964595,"Node(id=27_13473_56, type=transcoder, layer=13, feature=13473, pos=56)",1
1,56,2693,transcoder,14,55,9044,lorsa,3.8024330139160156,1.0342297554016113,-2.7682032585144043,0.0,-0.7280084220769775,"Node(id=28_9044_55, type=lorsa, layer=14, feature=9044, pos=55)",1
1,56,2693,transcoder,14,51,11169,transcoder,0.6642193794250488,0.4625127911567688,-0.20170658826828003,0.0,-0.3036746510511002,"Node(id=29_11169_51, type=transcoder, layer=14, feature=11169, pos=51)",1
1,56,2693,transcoder,14,55,8439,transcoder,1.9621776342391968,1.27529776096344,-0.6868798732757568,0.0,-0.3500599850339664,"Node(id=29_8439_55, type=transcoder, layer=14, feature=8439, pos=55)",1
1,56,4856,transcoder,2,56,7272,transcoder,1.4503072500228882,0.0,-1.4503072500228882,0.0,-1.0,"Node(id=5_7272_56, type=transcoder, layer=2, feature=7272, pos=56)",1
1,56,4856,transcoder,3,56,2403,transcoder,1.9280507564544678,1.1759734153747559,-0.7520773410797119,0.0,-0.39007133944062883,"Node(id=7_2403_56, type=transcoder, layer=3, feature=2403, pos=56)",1
1,56,4856,transcoder,4,55,9090,lorsa,4.7906646728515625,3.690112829208374,-1.1005518436431885,0.0,-0.229728423673641,"Node(id=8_9090_55, type=lorsa, layer=4, feature=9090, pos=55)",1
1,56,4856,transcoder,5,56,1007,transcoder,1.8848531246185303,1.4230270385742188,-0.4618260860443115,0.0,-0.2450196675869793,"Node(id=11_1007_56, type=transcoder, layer=5, feature=1007, pos=56)",1
1,56,4856,transcoder,10,56,11708,transcoder,2.9663991928100586,2.0827393531799316,-0.883659839630127,0.0,-0.29788972494731547,"Node(id=21_11708_56, type=transcoder, layer=10, feature=11708, pos=56)",1
1,56,4856,transcoder,13,56,2268,transcoder,0.6461610198020935,0.22391973435878754,-0.42224128544330597,0.0,-0.6534614012659418,"Node(id=27_2268_56, type=transcoder, layer=13, feature=2268, pos=56)",1
1,56,4856,transcoder,14,55,9044,lorsa,3.8024330139160156,2.755164384841919,-1.0472686290740967,0.0,-0.27542066493777495,"Node(id=28_9044_55, type=lorsa, layer=14, feature=9044, pos=55)",1
2,6,13953,transcoder,3,6,1991,transcoder,2.446690320968628,0.0,-2.446690320968628,0.0,-1.0,"Node(id=7_1991_6, type=transcoder, layer=3, feature=1991, pos=6)",1
2,6,13953,transcoder,4,6,2640,transcoder,1.146464228630066,0.32705798745155334,-0.8194062411785126,0.0,-0.714724647063466,"Node(id=9_2640_6, type=transcoder, layer=4, feature=2640, pos=6)",1
2,6,13953,transcoder,8,14,912,transcoder,0.7022373080253601,0.42664939165115356,-0.27558791637420654,0.0,-0.3924427159091555,"Node(id=17_912_14, type=transcoder, layer=8, feature=912, pos=14)",1
2,6,13953,transcoder,9,54,12243,lorsa,2.3094804286956787,1.714006781578064,-0.5954736471176147,0.0,-0.2578387934007821,"Node(id=18_12243_54, type=lorsa, layer=9, feature=12243, pos=54)",1
2,6,13953,transcoder,13,51,3932,transcoder,0.40207821130752563,0.299373596906662,-0.10270461440086365,0.0,-0.255434419256086,"Node(id=27_3932_51, type=transcoder, layer=13, feature=3932, pos=51)",1
2,6,13953,transcoder,14,55,9044,lorsa,3.8024330139160156,2.97482967376709,-0.8276033401489258,0.0,-0.21765099795843637,"Node(id=28_9044_55, type=lorsa, layer=14, feature=9044, pos=55)",1
2,6,13953,transcoder,14,51,11169,transcoder,0.6642193794250488,0.40349656343460083,-0.260722815990448,0.0,-0.3925251566976724,"Node(id=29_11169_51, type=transcoder, layer=14, feature=11169, pos=51)",1
3,6,1991,transcoder,4,6,2640,transcoder,1.146464228630066,0.628793478012085,-0.517670750617981,0.0,-0.45153676642537427,"Node(id=9_2640_6, type=transcoder, layer=4, feature=2640, pos=6)",1
3,51,7112,transcoder,14,51,11169,transcoder,0.6642193794250488,0.5129361152648926,-0.15128326416015625,0.0,-0.22776099109168976,"Node(id=29_11169_51, type=transcoder, layer=14, feature=11169, pos=51)",1
3,56,2403,transcoder,4,55,9090,lorsa,4.7906646728515625,3.6743757724761963,-1.1162889003753662,0.0,-0.23301336591168967,"Node(id=8_9090_55, type=lorsa, layer=4, feature=9090, pos=55)",1
3,56,2403,transcoder,13,56,2268,transcoder,0.6461610198020935,0.4714455008506775,-0.17471551895141602,0.0,-0.27039006315318737,"Node(id=27_2268_56, type=transcoder, layer=13, feature=2268, pos=56)",1
3,56,2403,transcoder,14,55,9044,lorsa,3.8024330139160156,2.6037991046905518,-1.1986339092254639,0.0,-0.3152281459893558,"Node(id=28_9044_55, type=lorsa, layer=14, feature=9044, pos=55)",1
4,55,9090,lorsa,14,51,11169,transcoder,0.6642193794250488,0.4511079490184784,-0.21311143040657043,0.0,-0.32084494522132223,"Node(id=29_11169_51, type=transcoder, layer=14, feature=11169, pos=51)",1
4,3,8453,transcoder,7,3,11946,transcoder,3.5578043460845947,1.366747260093689,-2.1910570859909058,0.0,-0.6158453003190548,"Node(id=15_11946_3, type=transcoder, layer=7, feature=11946, pos=3)",1
5,56,1007,transcoder,10,56,11708,transcoder,2.9663991928100586,1.5607877969741821,-1.4056113958358765,0.0,-0.47384431577610636,"Node(id=21_11708_56, type=transcoder, layer=10, feature=11708, pos=56)",1
5,56,1007,transcoder,11,56,7586,transcoder,2.6750638484954834,2.058694839477539,-0.6163690090179443,0.0,-0.23041282149755202,"Node(id=23_7586_56, type=transcoder, layer=11, feature=7586, pos=56)",1
5,56,1007,transcoder,13,56,2268,transcoder,0.6461610198020935,0.35762688517570496,-0.28853413462638855,0.0,-0.44653596516045013,"Node(id=27_2268_56, type=transcoder, layer=13, feature=2268, pos=56)",1
5,56,1007,transcoder,14,55,9044,lorsa,3.8024330139160156,2.1979217529296875,-1.6045112609863281,0.0,-0.42196963236806334,"Node(id=28_9044_55, type=lorsa, layer=14, feature=9044, pos=55)",1
6,54,6917,transcoder,9,54,12243,lorsa,2.3094804286956787,1.1867340803146362,-1.1227463483810425,0.0,-0.486146725657742,"Node(id=18_12243_54, type=lorsa, layer=9, feature=12243, pos=54)",1
8,62,8174,transcoder,9,14,13080,lorsa,4.417771816253662,0.0,-4.417771816253662,0.0,-1.0,"Node(id=18_13080_14, type=lorsa, layer=9, feature=13080, pos=14)",1
10,51,9278,transcoder,11,51,9680,transcoder,1.042241096496582,0.8262508511543274,-0.21599024534225464,0.0,-0.20723635449445452,"Node(id=23_9680_51, type=transcoder, layer=11, feature=9680, pos=51)",1
10,51,9278,transcoder,13,51,3932,transcoder,0.40207821130752563,0.26925554871559143,-0.1328226625919342,0.0,-0.3303403637814785,"Node(id=27_3932_51, type=transcoder, layer=13, feature=3932, pos=51)",1
10,51,12950,transcoder,11,51,9680,transcoder,1.042241096496582,0.7496235966682434,-0.2926174998283386,0.0,-0.2807579751095511,"Node(id=23_9680_51, type=transcoder, layer=11, feature=9680, pos=51)",1
10,55,16018,transcoder,14,51,11169,transcoder,0.6642193794250488,0.5171793699264526,-0.1470400094985962,0.0,-0.2213726579701343,"Node(id=29_11169_51, type=transcoder, layer=14, feature=11169, pos=51)",1
10,56,11708,transcoder,11,56,7586,transcoder,2.6750638484954834,1.8057329654693604,-0.869330883026123,0.0,-0.32497575095826386,"Node(id=23_7586_56, type=transcoder, layer=11, feature=7586, pos=56)",1
10,56,11708,transcoder,13,56,2268,transcoder,0.6461610198020935,0.15429987013339996,-0.49186114966869354,0.0,-0.7612052330537379,"Node(id=27_2268_56, type=transcoder, layer=13, feature=2268, pos=56)",1
10,56,11708,transcoder,14,55,9044,lorsa,3.8024330139160156,1.6820390224456787,-2.120393991470337,0.0,-0.5576413795352057,"Node(id=28_9044_55, type=lorsa, layer=14, feature=9044, pos=55)",1
11,51,9680,transcoder,12,51,8628,transcoder,0.8337218761444092,0.60299152135849,-0.2307303547859192,0.0,-0.2767473918915789,"Node(id=25_8628_51, type=transcoder, layer=12, feature=8628, pos=51)",1
11,51,9680,transcoder,13,51,3932,transcoder,0.40207821130752563,0.30469438433647156,-0.09738382697105408,0.0,-0.2422012042243468,"Node(id=27_3932_51, type=transcoder, layer=13, feature=3932, pos=51)",1
11,51,11974,transcoder,12,51,8628,transcoder,0.8337218761444092,0.6169209480285645,-0.21680092811584473,0.0,-0.26003986979261245,"Node(id=25_8628_51, type=transcoder, layer=12, feature=8628, pos=51)",1
11,51,11974,transcoder,13,51,3932,transcoder,0.40207821130752563,0.31812378764152527,-0.08395442366600037,0.0,-0.208801226490208,"Node(id=27_3932_51, type=transcoder, layer=13, feature=3932, pos=51)",1
11,54,10708,transcoder,13,51,5681,lorsa,1.9713155031204224,1.3930591344833374,-0.578256368637085,0.0,-0.29333527166085543,"Node(id=26_5681_51, type=lorsa, layer=13, feature=5681, pos=51)",1
11,56,7586,transcoder,13,56,13473,transcoder,1.8784750699996948,1.319473147392273,-0.5590019226074219,0.0,-0.2975828274407244,"Node(id=27_13473_56, type=transcoder, layer=13, feature=13473, pos=56)",1
11,56,7586,transcoder,14,55,9044,lorsa,3.8024330139160156,0.7746363282203674,-3.027796685695648,0.0,-0.7962787706225515,"Node(id=28_9044_55, type=lorsa, layer=14, feature=9044, pos=55)",1
11,56,7586,transcoder,14,55,8439,transcoder,1.9621776342391968,1.0995408296585083,-0.8626368045806885,0.0,-0.43963237044803144,"Node(id=29_8439_55, type=transcoder, layer=14, feature=8439, pos=55)",1
12,51,8628,transcoder,13,51,3932,transcoder,0.40207821130752563,0.2757175862789154,-0.12636062502861023,0.0,-0.3142687702914708,"Node(id=27_3932_51, type=transcoder, layer=13, feature=3932, pos=51)",1
12,51,8628,transcoder,13,51,13122,transcoder,0.9594287276268005,0.6427307724952698,-0.31669795513153076,0.0,-0.3300901317754999,"Node(id=27_13122_51, type=transcoder, layer=13, feature=13122, pos=51)",1
13,51,12356,transcoder,14,51,7349,lorsa,2.629939079284668,0.0,-2.629939079284668,0.0,-1.0,"Node(id=28_7349_51, type=lorsa, layer=14, feature=7349, pos=51)",1
13,51,12356,transcoder,14,51,2640,transcoder,1.2701964378356934,0.5326852202415466,-0.7375112175941467,0.0,-0.5806276853136221,"Node(id=29_2640_51, type=transcoder, layer=14, feature=2640, pos=51)",1
13,51,12356,transcoder,14,51,11103,transcoder,1.2022953033447266,0.4863920211791992,-0.7159032821655273,0.0,-0.5954471253226388,"Node(id=29_11103_51, type=transcoder, layer=14, feature=11103, pos=51)",1
13,51,12356,transcoder,14,51,11169,transcoder,0.6642193794250488,0.40217334032058716,-0.26204603910446167,0.0,-0.39451730440519495,"Node(id=29_11169_51, type=transcoder, layer=14, feature=11169, pos=51)",1
13,51,13122,transcoder,14,51,7349,lorsa,2.629939079284668,1.7908855676651,-0.8390535116195679,0.0,-0.3190391436168882,"Node(id=28_7349_51, type=lorsa, layer=14, feature=7349, pos=51)",1
13,51,13122,transcoder,14,51,2640,transcoder,1.2701964378356934,0.8125187754631042,-0.4576776623725891,0.0,-0.36032037938354866,"Node(id=29_2640_51, type=transcoder, layer=14, feature=2640, pos=51)",1
13,51,13122,transcoder,14,51,11103,transcoder,1.2022953033447266,0.383722186088562,-0.8185731172561646,0.0,-0.6808419819814103,"Node(id=29_11103_51, type=transcoder, layer=14, feature=11103, pos=51)",1
13,51,13122,transcoder,14,51,11169,transcoder,0.6642193794250488,0.42735978960990906,-0.23685958981513977,0.0,-0.3565984329155925,"Node(id=29_11169_51, type=transcoder, layer=14, feature=11169, pos=51)",1
13,55,9300,transcoder,14,55,9044,lorsa,3.8024330139160156,2.8819735050201416,-0.920459508895874,0.0,-0.24207119639641447,"Node(id=28_9044_55, type=lorsa, layer=14, feature=9044, pos=55)",1
13,55,9300,transcoder,14,51,11169,transcoder,0.6642193794250488,0.5201797485351562,-0.14403963088989258,0.0,-0.2168555079115185,"Node(id=29_11169_51, type=transcoder, layer=14, feature=11169, pos=51)",1
13,56,2268,transcoder,14,55,9044,lorsa,3.8024330139160156,3.0204665660858154,-0.7819664478302002,0.0,-0.20564897395125328,"Node(id=28_9044_55, type=lorsa, layer=14, feature=9044, pos=55)",1
13,56,12356,transcoder,14,55,9044,lorsa,3.8024330139160156,2.806980609893799,-0.9954524040222168,0.0,-0.26179354123507076,"Node(id=28_9044_55, type=lorsa, layer=14, feature=9044, pos=55)",1
13,56,13473,transcoder,14,55,9044,lorsa,3.8024330139160156,0.63503497838974,-3.1673980355262756,0.0,-0.8329924613883636,"Node(id=28_9044_55, type=lorsa, layer=14, feature=9044, pos=55)",1
13,56,13473,transcoder,14,55,8439,transcoder,1.9621776342391968,1.0459409952163696,-0.9162366390228271,0.0,-0.46694887508392346,"Node(id=29_8439_55, type=transcoder, layer=14, feature=8439, pos=55)",1
14,51,7349,lorsa,14,51,11169,transcoder,0.6642193794250488,0.4063512086868286,-0.2578681707382202,0.0,-0.38822741209603373,"Node(id=29_11169_51, type=transcoder, layer=14, feature=11169, pos=51)",1
14,55,9044,lorsa,14,55,8439,transcoder,1.9621776342391968,1.1256908178329468,-0.83648681640625,0.0,-0.4263053465750997,"Node(id=29_8439_55, type=transcoder, layer=14, feature=8439, pos=55)",1
